name,gender
"He, He",F
"Mrkšić, Nikola",M
"Liu, Shulin",M
"Chen, Yubo",M
"Liu, Kang",M
"Zhao, Jun",M
"Lu, Wei",M
"Ye, Hai",M
"Chao, Wenhan",M
"Luo, Zhunchen",M
"Li, Zhoujun",M
"Liu, Hanxiao",M
"Yang, Zhilin",M
"Wu, Zhaohui",M
"Li, Wenjie",F
"Li, Jia",F
"Liu, Shujie",M
"Zhou, Ming",M
"Jia, Weijia",M
"Liu, Qun",M
"Chen, Yun",F
"Liu, Yang",M
"Cheng, Yong",M
"Pan, Xiaoman",M
"Ji, Heng",F
"Zhang, Meng",F
"Sequiera, Royal",M
"Bali, Kalika",F
"Maddila, Chandra Shekhar",M
"Peng, Hao",M
"Thomson, Sam",M
"Smith, Noah A.",M
"Niu, Yilin",F
"Xie, Ruobing",M
"Lu, Han",M
"Lo, Chieh",M
"Xia, Qiaolin",F
"Sha, Lei",M
"Chang, Baobao",M
"Sui, Zhifang",F
"Dyer, Chris",M
"Huang, Sheng",M
"Sun, Weiwei",F
"Wan, Xiaojun",M
"Mansur, Letícia",F
"Nguyen, Dat Tien",M
"Tsarfaty, Reut",F
"Shao, Junru",M
"Zhang, Jiyuan",F
"Feng, Yang",M
"Wang, Yang",M
"Zhang, Shiyue",F
"Zhang, Andi",M
"Jiang, Jing",F
"Chieu, Hai Leong",M
"Ong, Hui Ong",F
"Song, Dandan",F
"Wang, Chengyu",M
"Yan, Junchi",M
"He, Xiaofeng",M
"Xu, Ruochen",M
"Yang, Yiming",F
"Mihalcea, Rada",F
"Pan, Liangming",M
"Tang, Jie",M
"Du, Lan",M
"Florian, Radu",M
"Wang, Mingxuan",M
"Zhou, Jie",M
"Hokamp, Chris",M
"Jones, Cara",F
"Lim, Swee Kiat",M
"Ong, Chen Hui",F
"Zhang, Fan",M
"Hashemi, Homa B.",F
"Biemann, Chris",M
"Choi, Eunsol",F
"Cao, Yixin",M
"Huang, Lifu",M
"Chen, Xu",M
"She, Lanbo",M
"Chen, Qian",F
"Zhu, Xiaodan",M
"Ling, Zhen-Hua",M
"Jiang, Hui",M
"Peled, Lotem",F
"Yan, Jun",M
"Tu, Cunchao",M
"Liu, Han",M
"Zhang, Yue",F
"Yang, Jie",F
"Bhagavatula, Chandra",M
"Abe, Kaho",F
"Abouzied, Azza",F
"Adar, Eytan",M
"Ahmed, Alex A.",F
"Ahn, June",M
"Akkiraju, Rama",F
"Ambe, Aloha Hufana",F
"Anand, Anushka",F
"Anderson, Bonnie Brinton",F
"Athukorala, Kumaripaba",F
"Avle, Seyram",F
"Azenkot, Shiri",F
"Baber, Chris",M
"Babic, Teo",M
"Bak, Jinyeong",M
"Ballard, Sosik Kacey",F
"Banovic, Nikola",M
"Bardzell, Shaowen",F
"Bates, Jo",F
"Bauer, Lujo",M
"Berger, Emery D.",M
"Besançon, Lonni",M
"Bi, Xiaojun",M
"Bianchi, Andrea",M
"Bopp, Chris",M
"Boynton, G. R.",M
"Branham, Stacy",F
"Briggs, Jo",F
"Britton, Lauren M.",F
"Cang, Xi Laura",F
"Cao, Xiang",M
"Carlson, Kelsey",F
"Carriço, Luís",M
"Casiez, Géry",M
"Caspi, Anat",F
"Chan, Liwei",M
"Chancellor, Stevie",F
"Chang, Chunlei",M
"Chang, Riley",M
"Chang, Yung-Ju",M
"Chauhan, Apoorva",F
"Chen, Chen",M
"Chen, Fang",F
"Chen, Kaiyuan",M
"Chen, Ko-Le",F
"Chen, Sijin",F
"Chen, Weixuan",M
"Chen, Wen",M
"Chen, Xiang 'Anthony'",F
"Chen, Yan",F
"Chen, Yunan",F
"Cheng, Chin-Yi",M
"Cheng, Hsien-Tzu",M
"Cheng, Lung-Pan",M
"Cheng, Peng",M
"Cheng, Yunnuo",F
"Cheshire, Coye",M
"Cho, Daeki",M
"Choe, Eun Kyoung",F
"Choi, Jueun",F
"Choi, Yi-King",M
"Choudhury, Munmun De",F
"Chung, Chia-Fang",F
"Clark, Gradeigh D.",M
"Colley, Ashley",M
"Connelly, Kay",F
"Consolvo, Sunny",F
"Coveney, Ashley",F
"Cuevas, Rubén",M
"Cuevas, Ángel",M
"Cullen, Breda",F
"Dasgupta, Sayamindu",M
"Daskalova, Nediyana",F
"Davis, Hilary",F
"Delden, Robby Van",M
"Dell, Nicola",F
"Deng, Jia",M
"Dillahunt, Tawanna R.",F
"Ding, Bolin",M
"Ding, Yu",M
"Doshi, Tulsee",F
"Du, Fan",M
"Dye, Michaelanne",F
"Edwards, W. Keith",M
"Elsden, Chris",M
"Etemad, S. Ali",M
"Evain, Andéol",M
"Fan, Chengdiao",F
"Fan, Min",F
"Fan, Xiangmin",M
"Fei-Fei, Li",F
"Feng, Wenxin",F
"Fennell, Chris",M
"Folmer, Eelke",M
"Foong, Eureka",F
"Foong, Pin Sym",F
"Forlizzi, Jodi",F
"Forlizzi, Jodi L.",F
"Françoise, Jules",M
"Fraser, C. Ailie",F
"Friedman, Batya",F
"Fu, Wai-Tat",M
"Gai, Wei",M
"Gao, Ge",F
"Gao, Xianyi",M
"Gay, Geri",F
"Gebru, Timnit",F
"Gianni, Rory",M
"Gil, Hyunjae",M
"Goh, Geon-Il",M
"Gong, Jun",M
"Grandi, Jerônimo Gustavo",M
"Grauman, Kristen",F
"Greenhalgh, Chris",M
"Grossman, Tovi",M
"Gu, Yizheng",M
"Guha, Shion",M
"Gui, Xinning",F
"Guo, Yufan",F
"Gálvez, Tomás Vega",M
"Halskov, Kim",M
"Han, Gyeol",F
"Hanafi, Maeda F.",F
"Haque, Md. Romael",M
"Harnett, C. K.",F
"Harrison, Chris",M
"Hartzler, Andrea L.",F
"Hashash, Shafeka",F
"He, Fang",M
"He, Liang",M
"He, Shuang",F
"Hettinger, A. Zachary",M
"Higuchi, Keita",M
"Hinrichs, Uta",F
"Hnin, Wint Yee",F
"Hoang, Thuong",M
"Hou, Youyang",F
"Hsu, Chen-Yu",M
"Hu, Hou-Ning",M
"Hu, Michele",F
"Huang, Yun",F
"Huh, Jun Ho",M
"Hwang, Jeong-In",M
"Hyde, Embriette R.",F
"Ilincai, Emilia-Stefania",F
"Inkpen, Kori",F
"Iqbal, Shamsi T.",F
"Irani, Pourang",M
"Islam, A. B. M. Alim Al",M
"Jain, Arushi",F
"Jain, Pravar",M
"Jalal, Ghita",F
"Jang, Sujin",M
"Jia, Yuan",F
"Jin, Yanfeng",M
"Johns, Mishel",M
"Johnson, Noah",M
"Kan, Viirj",F
"Kang, Bo",M
"Kang, Seokbin",M
"Kapadia, Apu",M
"Karusala, Naveena",F
"Khairuddin, Irni Eliana",F
"Khan, Taslim Arefin",M
"Kim, Auk",M
"Kim, Hyoungshick",M
"Kim, Jeong-Whun",M
"Kim, Jinyoung",F
"Kim, Sunghee",F
"Kirlik, Alex",M
"Kitani, Kris M.",M
"Kollenburg, Janne Van",F
"Kou, Yubo",M
"Kwon, Sae Bom",F
"Kwon, Sujin",M
"L'Yi, Sehi",M
"Laput, Gierad",M
"Lee, Bokyung",F
"Lee, Doyoung",F
"Lee, Geehyuk",M
"Lee, Hee Rin",F
"Lee, Jin Ha",F
"Lee, Joongseek",M
"Lee, Kung Jin",F
"Lee, Kwan Hong",M
"Lee, Kyung Ho",M
"Lee, Kyung-Ryong",M
"Lee, Min Kyung",F
"Lee, Sang Won",M
"Lee, Taeyoung",M
"Lee, Uichin",M
"Leichter, Ido",M
"Leong, Hong Va",M
"Leong, Tuck Wah",M
"Li, Boyang",M
"Li, Jamy",M
"Li, Jessie",F
"Li, Jiajia",F
"Li, Linfeng",M
"Li, Yunyao",F
"Lin, Cheng",M
"Lin, Tian",F
"Lin, Yilun",M
"Lindqvist, Janne",M
"Liu, Feng",M
"Liu, Leslie S.",F
"Liu, Min",M
"Liu, Wanyu",F
"Liu, Xiaoxing",M
"Liu, Yikun",F
"Liu, Yuchen",F
"Liu, Zhe",M
"Lomas, J. Derek",M
"Lu, Jiajun",M
"Lu, Le",M
"Lu, Nannan",F
"Lu, Yichen",F
"Luo, Hengliang",M
"Luo, Yuhan",F
"Lyckvi, Sus Lundgren",F
"Lyu, Fei",F
"Ma, Haiwei",M
"Ma, Xiao",F
"Machover, Noa",F
"Maciejewski, Ross",M
"Mackay, Bonnie",F
"Maclean, Karon",F
"Maclean, Karon E.",F
"Maezawa, Akira",M
"Mahoney, Jamie",M
"Malik, Abish",M
"Mandryk, Regan L.",F
"Mannonen, Petri",M
"Manthorne, Cori",F
"Marcus, Noah",M
"Marriott, Kim",M
"Marsden, Nicola",F
"Maruyama, Keita",M
"Matthies, Denys J. C.",M
"Mcintosh, Jess",F
"Mclachlan, Ross",M
"Mcnally, Brenna",F
"Mendez, Chris",M
"Meng, Xiaojun",M
"Mercer, Jamie",M
"Minamizawa, Kouta",M
"Misra, Archan",M
"Miyashita, Homei",M
"Molapo, Maletsabisa",F
"Monroy-Hernandez, Andrés",M
"Moseley, Braon",M
"Mott, Martez E.",M
"Muntean, Reese",F
"Mutlu, Bilge",M
"Mĕch, Radomír",M
"Naaman, Mor",M
"Naeini, Pardis Emami",F
"Naing, Han Min",M
"Nasu, Kari",F
"Neustaedter, Carman",M
"Nishi, Tsubasa",M
"Nishida, Jun",M
"Niu, Chengjie",F
"Nourbakhsh, Illah",M
"Oh, Jeungmin",M
"Olwal, Alex",M
"Otsuki, Mai",F
"Paavilainen, Janne",M
"Pal, Joyojeet",M
"Panabaker, Sheri",F
"Park, Sun Young",F
"Park, Young-Woo",M
"Parker, Andrea G.",F
"Peng, Wei",F
"Peng, Yilang",M
"Phang, Xiao-Shen",F
"Phelan, Chanda",F
"Piumsomboon, Thammathip",M
"Piya, Cecil",M
"Pollack, Ari H.",M
"Prabhakar, Annu Sible",F
"Prescott, J.J.",M
"Profita, Halley",F
"Qian, Kun",M
"Ragavan, Sruti Srinivasa",F
"Ramakrishnan, I.V.",M
"Ranasinghe, Nimesha",M
"Reddy, Madhu C.",M
"Ren, Ruqin",F
"Rifat, Md. Rashidujjaman",M
"Rong, Xin",M
"Sarcar, Sayan",M
"Sareen, Harpreet",M
"Savage, Saiph",F
"Schaper, Marie-Monique",F
"Schlesinger, Ari",F
"Schraefel, M. C.",F
"Sciuto, Alex",M
"Sen, Shilad",M
"Seppelt, Bobbie",F
"Sheikh, Alia",F
"Shen, Chia",F
"Shen, Solace",F
"Shi, Shaoyun",M
"Shodhan, Sharan",M
"Shorey, Paden",M
"Sien, Sang-Wha",F
"Sleeper, Manya",F
"Smith, Wally",M
"Sobel, Kiley",F
"Song, Hyunjoo",M
"Sorcar, Piya",F
"Sousa, Maurício",M
"Speed, Chris",M
"Spence, Jocelyn",F
"Staiou, Eleni-Revekka",F
"Stevens, Rock",M
"Sun, Ke",M
"Sun, Min",M
"Sun, Mingfei",M
"Sun, Xiaoying",M
"Sutherland, Marah",F
"Suzuki, Keita",M
"Tanaka, Atau",M
"Tanner, Kesler",F
"Tao, Ye",F
"Taylor, Robyn",F
"Terveen, Loren",M
"Thomas, Geb W.",M
"Thorpe, Rowan",M
"Tian, Feng",M
"Tong, Hanghang",M
"Towne, W. Ben",M
"Tregillus, Sam",M
"Truong, Khiet P.",F
"Uddin, Md. Sami",M
"Ur, Blase",M
"Vaniea, Kami",F
"Vi, Chi Thanh",M
"Visuri, Aku",M
"Walker, Erin",F
"Wang, Anqi",F
"Wang, Cheng-Yao",M
"Wang, Chi",M
"Wang, Guanyun",M
"Wang, Hongan",M
"Wang, Lu",F
"Wang, Minjuan",F
"Wang, Wen",M
"Wang, Wenping",M
"Wang, Zhenxin",M
"Wasmann, Merlin",M
"Weingarten, Ariel",F
"Weir, Devon",M
"Westendorf, Lauren",F
"Widdicks, Kelly",F
"Wilcox, Lauren",F
"Williams, Michele",F
"Williams, Shane",M
"Wongsuphasawat, Kanit",M
"Wozniak, Pawelw W.",M
"Wu, Chi-Jui",M
"Xiao, Xiang",M
"Xie, Jun",M
"Xu, Panpan",F
"Xu, Tianyin",M
"Xu, Weijie",M
"Xue, Na",F
"Yamada, Akira",M
"Yan, Bei",F
"Yan, Yukang",M
"Yang, Diyi",F
"Yang, Huizi",F
"Yang, Jackie",M
"Yang, Lei",F
"Yang, Xing-Dong",M
"Yang, Yiwei",M
"Yang, Zheng",M
"Yang, Zhican",M
"Yao, Cheng",M
"Yao, Lining",F
"Yao, Yaxing",M
"Yeo, Hui-Shyong",M
"Yi, Xin",M
"Ying, Fangtian",M
"Yoo, Sooyoung",F
"You, Sijing",M
"Yu, Chun",M
"Yu, Xing",M
"Zhang, Cheng",F
"Zhang, Jiawei",M
"Zhang, Joan",F
"Zhang, Teng",M
"Zhang, Weiyi",F
"Zhang, Xiaolian",F
"Zhang, Xiaoyi",M
"Zhang, Yang",M
"Zhang, Yankai",M
"Zhang, Yunbo",M
"Zhang, Yuting",M
"Zhao, Peijun",M
"Zhao, Yuhang",F
"Zhao, Zhao",F
"Zhao, Zhenjie",M
"Zheng, Yue",F
"Zhou, Yuanyuan",F
"Zhou, Zimu",M
"Zhu, Yeshuang",M
"Aksoy, Yağiz",M
"Aydin, Tunç Ozan",M
"Azencot, Omri",M
"Beljan, Mate",NA
"Berseth, Glen",M
"Bhalachandran, Saiprasanth",M
"Bi, Sai",M
"Bouatouch, Kadi",M
"Bui, Bee",NA
"Chai, Menglei",M
"Chaitanya, Chakravarty R. Alla",M
"Chen, Jiawen",F
"Chen, Yi",F
"Chu, Jieyu",NA
"Chuang, Ming",F
"Dai, Qionghai",M
"Davis, Abe",M
"Dong, Yue",F
"Dun, Xiong",F
"Durand, Frédo",M
"Gao, Chang",M
"Gao, Ming",M
"Geng, Xinyang",M
"Greif, Chen",M
"Guo, Kaiwen",M
"Guo, Yu-Xiao",NA
"Harvill, Alex",M
"He, Yong",M
"Hu, Xiangyu",M
"Huang, Fu-Chung",M
"Huang, Hui",F
"Jiang, Caigui",M
"Jiang, Chenfanfu",M
"Jin, Zeyu",M
"Ju, Tao",M
"Kalantari, Nima Khademi",M
"Kang, Changgu",NA
"Kang, Hao",M
"Kang, Sing Bing",M
"Kapadia, Mubbasir",M
"Kazhdan, Misha",M
"Kovalsky, Shahar Z.",M
"Koyama, Yuki",M
"Krs, Vojtěch",M
"Leake, Mackenzie",F
"Lee, Sung-Hee",F
"Lewis, J.P.",M
"Li, Changjian",M
"Li, Jun",M
"Li, Tzu-Mao",M
"Li, Xiao",M
"Li, Yining Karl",NA
"Liao, Jing",F
"Lien, Jyh-Ming",M
"Liu, Libin",M
"Liu, Lingjie",F
"Liu, Tiantian",M
"Liu, Xiaoyang",M
"Long, Haomin",M
"Lu, Jingwan",F
"Luan, Vu Thai",M
"Martínez, Jonàs",M
"Myszkowski, Karol",M
"Měch, Radomír",M
"Pajdla, Tomáš",M
"Pan, Hao",M
"Pan, Zherong",NA
"Peng, Xue Bin",M
"Petrinic, Nik",M
"Prada, Fabián",M
"Pérez, Jesús",M
"Qin, Hongxing",M
"Ribardière, Mickaël",M
"Saito, Jun",M
"Sendik, Omry",M
"Shamir, Ariel",M
"Shechtman, Eli",M
"Sheffer, Alla",F
"Shu, Zhixin",M
"Singh, Gurprit",M
"Sitthi-Amorn, Pitchaya",M
"Smith, Breannan",M
"Smolić, Aljoša",M
"Su, Hao",M
"Sun, Chun-Yu",M
"Suwajanakorn, Supasorn",M
"Tan, Jianchao",M
"Tan, Ping",M
"Tang, Chengcheng",M
"Thollot, Joëlle",F
"Tong, Xin",M
"Trope, Miri",F
"Truong, Anh",F
"Vorba, Jiří",M
"Wang, Jue",M
"Wang, Jui-Hsien",M
"Wang, Peng-Shuai",M
"Wang, Szu-Po",M
"Weber, Ofir",M
"Wojtan, Chris",M
"Wong, Tien-Tsin",M
"Wu, Jung-Hsuan",M
"Xiong, Jinhui",M
"Xu, Feng",M
"Xu, Hongyi",M
"Xu, Jie",M
"Xu, Weipeng",M
"Yan, Ling-Qi",M
"Yang, Hao",M
"Yao, Jiaxian",NA
"Yao, Yuan",F
"Yi, Li",M
"Yi, Renjiao",F
"Yin, Kangkang",M
"Yu, Tao",M
"Yu, Yizhou",M
"Yuan, Lu",M
"Zhang, Hao",M
"Zhang, Ran",M
"Zhao, Yili",M
"Zheng, Changxi",M
"Zhou, Kun",M
"Zhou, Qian-Yi",M
"Zhu, Bo",M
"Zhu, Chenyang",M
"Zhu, Jun-Yan",M
"Zou, Ming",M
"Zhao, Hao",M
"Lu, Ming",F
"Guo, Yiwen",M
"Chen, Yurong",M
"Zhang, Li",F
"Wang, Yu-Xiong",M
"Ramanan, Deva",M
"Feng, Zhen-Hua",M
"Wu, Xiao-Jun",M
"Russell, Chris",M
"Bai, Song",M
"Bai, Xiang",M
"Tian, Qi",M
"Vemuri, Baba C.",M
"Shi, Baoguang",M
"Jia, Fan",F
"Liu, Wei",M
"Lin, Chen-Hsuan",M
"Deng, Zhiwei",M
"Navarathna, Rajitha",M
"Chen, Kan",M
"Fang, Chen",M
"Wang, Zhaowen",M
"Yang, Yi",F
"Ge, Shiming",M
"Luo, Zhao",M
"Girshick, Ross",M
"Yun, Kimin",M
"Choi, Jin Young",M
"Wang, Peng",M
"Shen, Chunhua",F
"Huang, Zi",F
"Shen, Heng Tao",M
"Li, Peihua",M
"Zhang, Lei",M
"Yuan, Junsong",M
"Bhattacharjee, Sreyasee Das",F
"Song, Yale",M
"Kim, Youngjin",M
"Kim, Gunhee",M
"Yang, Fan",M
"Li, Xin",M
"Cheng, Hong",F
"Li, Jianping",M
"Vedaldi, Andrea",M
"Qin, Jie",M
"Liu, Li",F
"Shao, Ling",M
"Ni, Bingbing",M
"Chen, Jiaxin",M
"Wang, Yunhong",F
"Tang, Peng",M
"Liu, Wenyu",M
"Li, Shan",F
"Deng, Weihong",M
"Du, Junping",M
"Shen, Yuming",M
"Xiang, Tao",M
"Zhao, Hengshuang",M
"Shi, Jianping",M
"Jia, Jiaya",M
"Zitnick, C. Lawrence",M
"Shen, Chuanqi",M
"Cui, Yin",M
"Zhou, Feng",M
"Wang, Jiang",M
"Liu, Xiao",F
"Lin, Yuanqing",M
"Peng, Chong",M
"Kang, Zhao",M
"Kondor, Risi",M
"Sherbondy, Kelly",F
"Kambhamettu, Chandra",M
"Xu, Ning",F
"Liu, Yun",M
"Cheng, Ming-Ming",M
"Hu, Xiaowei",F
"Ma, Chao",M
"Xu, Yi",M
"Ofli, Ferda",M
"Cheng, Yanhua",M
"Li, Zhiwei",M
"Zhao, Xin",M
"Huang, Kaiqi",M
"Guo, Jun",M
"Chao, Hongyang",F
"Wang, Minsi",M
"Zhang, Heng",M
"Chellappa, Rama",M
"Dai, Bo",M
"Zhang, Yuqi",F
"Lin, Dahua",M
"Loy, Chen Change",M
"Li, Chen",M
"Mao, Jiayuan",F
"Xiao, Tete",M
"Jiang, Yuning",M
"Cao, Zhimin",M
"Gan, Chuang",M
"Gan, Zhe",M
"Deng, Li",M
"Tai, Ying",F
"Yang, Jian",M
"Liu, Xiaoming",M
"Wang, Fei",M
"Qian, Chen",M
"Yang, Shuo",M
"Li, Cheng",M
"Tang, Xiaoou",M
"Avidan, Shai",M
"Li, Xiaoxiao",F
"Liu, Ziwei",M
"Luo, Ping",M
"Fernando, Basura",M
"Jiang, Qing-Yuan",M
"Li, Wu-Jun",M
"Zhou, Luping",F
"Wang, Lei",M
"Zhang, Jianjia",M
"Gao, Yang",M
"Varanasi, Kiran",M
"Xiong, Zhiwei",M
"Wang, Lizhi",M
"Wu, Feng",M
"Li, Yanan",F
"Wang, Donghui",M
"Hu, Huanhang",M
"Lin, Yuetan",M
"Zhuang, Yueting",F
"Sohel, Ferdous",M
"Ajanthan, Thalaiyasingam",M
"Kumar, M. Pawan",M
"Zheng, Yuanjie",M
"Li, Shuo",M
"Cheng, Cheng",M
"Zhou, Xi",F
"Bronstein, Alex",M
"Han, Bohyung",M
"Chakravarty, Punarjay",M
"Kar, Amlan",M
"You, Chong",F
"Xiao, Tong",M
"Li, Shuang",F
"Lin, Liang",M
"Koh, Yeong Jun",M
"Liu, Ming-Yu",M
"Wu, Yue",F
"Gou, Chao",M
"Xu, Hongteng",M
"Zha, Hongyuan",M
"Park, Eunbyung",M
"Jin, Meiguang",M
"He, Dafang",M
"Yang, Xiao",M
"Liang, Chen",M
"Zhou, Zihan",M
"Giles, C. Lee",M
"Tang, Siyu",F
"Ravi, Sathya N.",M
"Kim, Jaewon",M
"Kim, Won Hwa",M
"Tian, Yicong",M
"Li, Yuncheng",M
"Shen, Haichen",M
"Philipose, Matthai",M
"Xiong, Bo",M
"Lu, Tong",M
"Zhang, Xishan",M
"Gao, Ke",M
"Zhang, Dongming",M
"Li, Jintao",M
"Erhan, Dumitru",M
"Hontani, Hidekata",M
"Wang, Jiayun",M
"Yu, Xin",F
"Guo, Shi",M
"Chen, Yunjin",M
"Chen, Chongyu",M
"Tsai, Yi-Hsuan",F
"Shen, Xiaohui",M
"Lin, Zhe",M
"Lu, Xin",F
"Xu, Xing",M
"Yang, Yang",F
"Zhang, Dongxiang",M
"Song, Jingkuan",M
"Pan, Jinshan",M
"Lau, Rynson W. H.",M
"Chen, Bo",M
"Zhang, Ling",F
"Herath, Samitha",M
"Fu, Xueyang",M
"Huang, Jiabin",M
"Zeng, Delu",M
"Huang, Yue",F
"Zhang, Wei",M
"Cao, Xiaochun",M
"Guo, Yuanfang",M
"Kim, Tae Hyun",M
"Lee, Kyoung Mu",M
"Wang, Yupei",M
"Liu, Haomiao",F
"Wang, Ruiping",M
"Shan, Shiguang",M
"Chen, Xilin",M
"Li, Yijun",M
"Sinha, Sudipta N.",M
"Nishino, Ko",M
"Sato, Imari",F
"Jiang, Hao",M
"Chen, Yang",F
"Ren, Wenqi",M
"Cheng, Jian",M
"Wang, Mengmeng",F
"Liu, Yong",M
"Huang, Zeyi",M
"Shen, Wei",M
"Liu, Rujie",M
"Cheng, Zhi-Qi",M
"Wu, Xiao",M
"Hua, Xian-Sheng",M
"Jiang, Tai-Xiang",M
"Huang, Ting-Zhu",M
"Zhao, Xi-Le",M
"Deng, Liang-Jian",M
"Wang, Yao",F
"Qu, Liangqiong",F
"Biswas, Soma",F
"Hu, Yuanming",M
"Vongkulbhisal, Jayakorn",M
"Lin, Yen-Yu",M
"Xia, Changqun",M
"Chen, Xiaowu",M
"Zhang, Yu",M
"Weng, Chaoqun",M
"Lin, Wen-Yan",M
"Nguyen, Tan-Dat",M
"Zhang, Chao",M
"Ren, Weihong",M
"Han, Zhi",M
"Song, Jie",M
"Wang, Limin",M
"Rusinol, Marcal",M
"Jawahar, C. V.",M
"Khan, Naeemullah",M
"Chang, Yi",M
"Yan, Luxin",M
"Zhong, Sheng",M
"Wu, Yiling",F
"Wang, Shuhui",M
"Hu, Qinghua",M
"Fu, Huazhu",M
"Dong, Yinpeng",M
"Su, Hang",M
"Zhu, Jun",M
"Zhang, Bo",M
"Zhang, Tianzhu",M
"Jia, Kui",M
"Gao, Shenghua",M
"Xu, Xiangmin",M
"Peng, Chao",M
"Zhang, Xiangyu",M
"Sun, Jian",M
"Yang, Jiaolong",M
"Ren, Peiran",F
"Zhang, Dongqing",M
"Wen, Fang",F
"Li, Hongdong",M
"Zhang, Mengmi",F
"Ma, Keng Teck",M
"Zhao, Qi",F
"Pan, Liyuan",F
"Liu, Miaomiao",F
"Pal, Ambar",F
"Jiang, Bo",M
"Tang, Jin",M
"Ding, Chris",M
"Oh, Seong Joon",M
"Liu, Yufan",F
"Zhang, Songyang",M
"Xu, Mai",F
"Yang, Le",M
"Meng, Deyu",M
"Mei, Tao",M
"Rajagopalan, A. N.",M
"Nguyen, Anh",M
"Sheng, Lu",M
"Cham, Tat-Jen",M
"Guan, Hao",M
"Karessli, Nour",F
"Ma, Shuang",F
"Liu, Jing",F
"Chen, Chang Wen",M
"Cohen, Andrea",F
"Weinshall, Daphna",F
"Zweig, Shay",M
"Wolf, Lior",M
"Wang, Mengjiao",F
"Avraham, Tamar",F
"Fischer, Anath",F
"Wang, Zehan",M
"Huang, Gao",M
"Liu, Zhuang",M
"Rui, Yong",M
"Jin, Hailin",M
"Huang, Yan",F
"Wang, Wei",M
"Wang, Liang",M
"Gong, Boqing",M
"Amir, Tal",F
"Horaud, Radu",M
"He, Yang",M
"Chiu, Wei-Chen",M
"Kong, Chen",F
"Yuan, Shanxin",M
"Ye, Qi",F
"Yuan, Ganzhao",M
"Shahpaski, Marjan",M
"Lau, Yenson",M
"Cheung, Sky",F
"Bregler, Chris",M
"Boykov, Yuri",M
"Treibitz, Tali",F
"Loya, Yossi",M
"Tamir, Raz",M
"Paudel, Danda Pani",M
"Schuster, Tal",M
"Wu, Hui",F
"Cheng, Yu",M
"Chakraborty, Shayok",M
"Zhou, Huizhong",F
"Wang, Huayan",M
"Liu, Yi",M
"Phoenix, D. Scott",M
"Xie, Jin",M
"Zhu, Fan",M
"Fang, Yi",M
"Huang, Xun",M
"Li, Yixuan",F
"Yu, Jingyi",F
"Fan, Chenyou",M
"Xu, Mingze",M
"Singh, Krishna Kumar",M
"Lee, Yong Jae",M
"Shan, Qi",M
"Wei, Lingyu",F
"Hu, Liwen",M
"Nagano, Koki",M
"Li, Hao",M
"Shen, Liyue",F
"Tran, Anh Tuan",M
"Hassner, Tal",M
"Zhang, Caojin",M
"Dong, Ming",M
"Rozumnyi, Denys",M
"Bai, Min",M
"Wang, Xin",F
"Zhang, Da",M
"Wang, Yuan-Fang",M
"Wang, Qiong",F
"Li, Hong",M
"Zhang, Yinda",M
"Song, Shuran",F
"Pan, Xin",M
"Hwang, Sung Jin",M
"Covell, Michele",M
"Yuan, Mengke",M
"Li, Zechao",M
"Zhang, Xiaopeng",M
"Tang, Jinhui",M
"Fang, Leyuan",M
"Ouyang, Wanli",M
"Chen, Binghui",M
"Song, Hyun Oh",M
"Zhu, Alex Zihao",M
"Sangkloy, Patsorn",F
"Zhu, Yuke",M
"Sun, Wenxiu",F
"Yan, Qiong",F
"Tai, Yu-Wing",M
"Xu, Li",M
"Zhuo, Wei",F
"Han, Byeong-Ju",M
"Sim, Jae-Young",M
"Yang, Xitong",M
"Chitta, Radha",F
"Yoo, Sungjoo",M
"Li, Chi",M
"Zia, M. Zeeshan",M
"Tran, Quoc-Huy",M
"Yu, Xiang",M
"Du, Yang",M
"Yuan, Chunfeng",F
"Li, Bing",M
"Do, Minh N.",M
"Rong, Xuejian",M
"Tian, Yingli",F
"Zhu, Feng",M
"Yu, Nenghai",M
"Zhu, Song-Chun",M
"Zhang, Hanwang",M
"Chang, Shih-Fu",M
"Chua, Tat-Seng",M
"Zhou, Xinyu",M
"Yao, Cong",M
"Wen, He",M
"Wang, Yuzhi",M
"He, Weiran",M
"Liang, Jiajun",M
"Abdulnabi, Abrar H.",F
"Shuai, Bing",F
"Yuan, Wenzhen",F
"Dong, Siyuan",M
"Zhang, Le",M
"Varadarajan, Jagannadan",M
"Zhu, Yizhe",M
"Zhang, Han",M
"Zhu, Lei",M
"Heng, Pheng-Ann",M
"Xiao, Jun",M
"Shao, Jian",M
"Wen, Wei",M
"Chen, Yiran",M
"Zhang, Ji",M
"Yang, Tien-Ju",M
"Li, Xiang",M
"Sun, Jin",M
"Shou, Zheng",M
"Babu, R. Venkatesh",M
"Deng, Zhuo",M
"Lu, Jiwen",M
"Liu, Yu",M
"Golestaneh, S. Alireza",M
"Zhang, Zhifei",M
"Song, Yang",F
"Qi, Hairong",F
"Chang, Angel X.",F
"Dong, Xuanyi",M
"Jang, Won-Dong",M
"Bappy, Jawadul H.",M
"Abbasnejad, M. Ehsan",M
"Zhang, Shanghang",F
"Wu, Guanhang",M
"Han, Dongyoon",M
"Kong, Tao",M
"Sun, Fuchun",M
"Xiao, Fanyi",M
"Feng, Chen",M
"Kendall, Alex",M
"Lu, Cheng",M
"He, Xiangteng",M
"Peng, Yuxin",M
"Dey, Debadeepta",M
"Sinha, Ayan",M
"Huang, Yawen",F
"Pilzer, Andrea",M
"Xu, Chao",M
"Su, Yong",M
"Xie, Di",M
"Xiong, Jiang",M
"Pu, Shiliang",M
"Hao, Zekun",M
"Li, Xiu",M
"Hu, Xiaolin",M
"Chakraborty, Rudrasis",M
"Lu, Jiangbo",M
"Laina, Iro",F
"Le-Huu, D. Khue",M
"Wu, Gaochang",M
"Park, Yunwon",M
"Ha, Hyowon",M
"Kweon, In So",M
"Li, Quanquan",M
"Kanazawa, Angjoo",F
"Zhu, Hao",M
"Zhang, Qi",M
"Wang, Qing",M
"Tseng, Kuan-Lun",M
"Lin, Yen-Liang",M
"Huang, Chung-Yang",M
"Kim, Youngjung",F
"Jung, Hyungjoo",M
"Zhang, Zizhao",M
"Xing, Fuyong",M
"Yang, Lin",M
"Buchler, Uta",F
"Zhang, Ziyu",F
"Tao, Ran",M
"Pan, Yingwei",M
"Yao, Ting",M
"Li, Houqiang",M
"Ghosh, Soumya",M
"Zhou, Bolei",M
"Ham, Bumsub",M
"Mishra, Akshaya",M
"Li, Shaozi",M
"Tan, Dang-Khoa Le",M
"Cheung, Ngai-Man",M
"Ke, Tsung-Wei",M
"Shotton, Jamie",M
"Yang, Chao",M
"Pei, Wenjie",M
"Nguyen, Rang M. H.",M
"Qiu, Zhaofan",M
"Chen, Xianjie",M
"Guler, Riza Alp",M
"Palazzo, Simone",M
"Souly, Nasim",F
"Zhang, Xu",M
"Yeh, Mao-Chuang",F
"Chong, Min Jin",M
"Wang, Sen",M
"Trigoni, Niki",F
"Gross, Sam",M
"Maharaj, Tegan",F
"Gu, Xiuye",F
"Parikh, Devi",F
"Lim, Ser Nam",M
"Sun, Qing",F
"Liu, Chao",M
"Chintala, Soumith",M
"Zhou, Xiaowei",M
"Snavely, Noah",M
"Chen, Ching-Hang",M
"Bhuiyan, Amran",M
"Anguelov, Dragomir",M
"Wu, Ying Nian",F
"Luo, Ruotian",M
"Deutsch, Shay",M
"Kim, Kyungnam",M
"Owechko, Yuri",M
"Ye, Meng",F
"Guo, Yuhong",F
"Vyas, Yogarshi",M
"Iii, Hal Daume",M
"Tsai, Chia-Yin",F
"Zhu, Xinliang",M
"Yao, Jiawen",M
"Zhu, Feiyun",M
"Wang, Yufei",M
"Yu, Licheng",M
"Tan, Hao",M
"Cao, Zhe",M
"Wei, Shih-En",M
"Sun, Chen",M
"Kwak, Suha",M
"Shin, Jae",M
"Dai, Xiyang",M
"Cui, Runpeng",M
"Liu, Hu",M
"Zhang, Changshui",M
"Yu, Xiyu",M
"Liu, Hong",M
"Xu, Zheng",M
"Yuan, Xiaoming",M
"Zhang, Jing",M
"Cao, Yang",M
"Kang, Yu",M
"Sun, Xun",M
"Ali, Alnur",M
"Allen-Zhu, Zeyuan",M
"Anschel, Oron",M
"Arjevani, Yossi",M
"Ashukha, Arsenii",M
"Aspuru-Guzik, Alán",M
"Badia, Adrià Puigdomènech",M
"Bagnell, J. Andrew",M
"Bengio, Samy",M
"Bennani, Younès",M
"Berg-Kirkpatrick, Taylor",M
"Bhupatiraju, Surya",M
"Bian, Jiang",M
"Bottou, Léon",M
"Boubekki, Ahcène",M
"Busa-Fekete, Róbert",M
"Cai, Deng",M
"Chan, T-H. Hubert",M
"Chang, Yale",M
"Chanthirasegaran, Pankajan",M
"Chaudhuri, Shraman Ray",M
"Chen, Bangrui",M
"Chen, Changyou",M
"Chen, Chao",M
"Chen, Jianshu",M
"Chen, Jiecao",M
"Chen, Sheng",M
"Chen, Wei",M
"Chen, Xi",M
"Chen, Xixian",M
"Chen, Yichen",M
"Chen, Yutian",M
"Chen, Zhi",M
"Choi, Seungjin",M
"Cong, Yulai",M
"Das, Hirakendu",M
"Deng, Yuntian",M
"Denil, Misha",M
"Dhillon, Inderjit S.",M
"Dimakis, Alex",M
"Dinh, Vu",M
"Donahue, Chris",M
"Donini, Michele",M
"Dubcek, Tena",F
"Fan, Linxi",M
"Farina, Gabriele",M
"Finn, Chelsea",F
"Fu, Xiao",M
"Gal, Yarin",M
"Ganguli, Surya",M
"Gao, Tian",M
"Gao, Wenbo",M
"Ge, Dongdong",M
"Ge, Rong",M
"Gilboa, Dar",M
"Gittens, Alex",M
"Goh, Chi-Keong",M
"Graves, Alex",M
"Greenside, Peyton",F
"Gu, Ming",M
"Gu, Quanquan",M
"Gu, Shixiang",M
"Gui, Shupeng",M
"Guo, Chuan",M
"Guo, Ruiqi",M
"Han, Insu",M
"Hassani, S. Hamed",M
"Hasselt, Hado",M
"Hassidim, Avinatan",M
"Hausman, Karol",M
"He, Lifang",F
"He, Niao",F
"He, Xiaofei",M
"Heng, Pheng Ann",M
"Ho, Nhat",M
"Holmes, Chris C.",M
"Hong, Mingyi",M
"Horňáková, Andrea",F
"Hsieh, Cho-Jui",M
"Hu, Changwei",M
"Hu, Hao",M
"Hu, Shuguang",M
"Hu, Weihua",M
"Hu, Zhiting",M
"Huang, Po-Sen",M
"Hwang, Sung Ju",M
"Höner, János",M
"Hüllermeier, Eyke",M
"Iii, Hal Daumé",M
"Islam, Riashat",M
"Jastrzębski, Stanisław",M
"Jiang, Nan",M
"Jiang, Shali",M
"Jiang, Shunhua",F
"Jin, Chi",M
"Jin, Zhi",F
"Jing, Li",M
"Kagawa, Ai",F
"Kakade, Sham M.",M
"Kambadur, Prabhanjan",M
"Kandasamy, Kirthevasan",M
"Kanwal, Maxinder S.",M
"Karnin, Zohar",M
"Katt, Sammie",M
"Ke, Chuyang",M
"Ke, Yiping",F
"Keerthi, S. Sathiya",M
"Kim, Hyunsoo",M
"Kim, Jiwon",F
"Koh, Pang Wei",M
"Kohli, Pushmeet",M
"Kolter, J. Zico",M
"Koyejo, Oluwasanmi",M
"Kushman, Nate",M
"Lakshmanan, Laks V. S.",M
"Lan, Guanghui",M
"Le, Hoang M.",M
"Lee, Jung Kwon",M
"Lee, Kimin",M
"Lee, Wee Sun",M
"Lee, Yin Tat",M
"Lei, Qi",F
"Lei, Tao",M
"Levy, Dor",M
"Lewis, J. P.",M
"Li, Chengtao",M
"Li, Chris Junchi",M
"Li, Hang",F
"Li, Jian",M
"Li, Ke",M
"Li, Lihong",M
"Li, Ping",M
"Li, Qunwei",M
"Li, Shuai",M
"Li, Xian",M
"Li, Zhe",M
"Liang, Xiaodan",F
"Liang, Yingbin",F
"Liao, Siyu",M
"Lin, Shou-De",M
"Liu, Bo",M
"Liu, Hairong",M
"Liu, Ji",M
"Liu, Jie",M
"Liu, Li-Ping",M
"Liu, Qingshan",M
"Liu, Shih-Chii",F
"Liu, Tie-Yan",M
"Liu, Weiyang",M
"Long, Mingsheng",M
"Lou, Xinghua",M
"Lu, Chun-Ta",M
"Lu, Yu",F
"Luo, Dixin",F
"Luong, Minh-Thang",M
"Lyu, Yueming",M
"Ma, Fan",M
"Ma, Guixiang",F
"Ma, Shuming",M
"Ma, Yi-An",M
"Ma, Zhi-Ming",M
"Maheswaranathan, Niru",M
"Maillard, Odalric-Ambrym",M
"Mannor, Shie",M
"Mao, Xueyu",M
"Masegosa, Andrés",M
"Matei, Basarab",M
"Mazumdar, Arya",M
"Mcmahan, H. Brendan",M
"Meng, Qi",F
"Mesgarani, Nima",M
"Miao, Yishu",M
"Moore, Sherry",F
"Morgenstern, Jamie",F
"Mukherjee, Sayan",M
"Müller, Klaus-Robert",M
"Nardelli, Nantas",M
"Neiswanger, Willie",M
"Nguyen, Lam M.",M
"Nguyen, Quynh",F
"Nguyen, Vu",M
"Oates, Chris J.",M
"Ochiai, Tsubasa",M
"Omidshafiei, Shayegan",M
"Ong, Yew-Soon",M
"Oord, Aäron",M
"Pakman, Ari",M
"Pal, Arka",M
"Pal, Chris",M
"Park, Yookoon",M
"Pearl, Judea",M
"Peng, Bei",F
"Phung, Dinh",M
"Pinto, Lerrel",M
"Pál, Dávid",M
"Qi, Guo-Jun",M
"Qi, Yuan",M
"Qin, Tao",M
"Quadrianto, Novi",M
"Raghu, Maithra",F
"Ramos-López, Darı́O",M
"Rana, Santu",M
"Ritter, Hippolyt",M
"Sakuma, Jun",M
"Santurkar, Shibani",F
"Sarkar, Purnamrita",F
"Scott, Christy K.",F
"Shalev-Shwartz, Shai",M
"Shammah, Shaked",M
"Sheffet, Or",M
"Shen, Dinghan",M
"Shen, Jie",M
"Shen, Li",M
"Shen, Linlin",M
"Shen, Yichen",M
"Shi, Tianlin",M
"Shrikumar, Avanti",F
"Si, Si",F
"Simhadri, Harsha Vardhan",M
"Smola, Alex",M
"Sohn, Sungryull",M
"Soljačić, Marin",M
"Song, Jiaming",M
"Song, Le",M
"Song, Zhao",M
"Stan, Serban",M
"Sun, Tao",M
"Sun, Wen",M
"Sun, Xu",M
"Sun, Yu",M
"Suresh, Ananda Theertha",M
"Szlak, Liran",F
"Tai, Cheng",M
"Tan, Jie",M
"Tandon, Rashish",M
"Tang, Jian",M
"Tang, Junqi",M
"Thi, Hoai An Le",F
"Tran, Bach",M
"Varma, Manik",M
"Vaswani, Sharan",M
"Wang, Chong",M
"Wang, Di",M
"Wang, Guan",M
"Wang, Houfeng",M
"Wang, Jialei",M
"Wang, Jianmin",M
"Wang, Jie",M
"Wang, Lezi",M
"Wang, Lingxiao",M
"Wang, Liwei",M
"Wang, Mengdi",F
"Wang, Po-An",M
"Wang, Shen",M
"Wang, Yanzhi",M
"Wang, Yichen",M
"Wang, Yining",M
"Wang, Yixin",F
"Wang, Yunhe",M
"Wang, Zi",F
"Wang, Ziyu",M
"Wang, Zizhuo",M
"Wen, Zheng",M
"Wierstra, Daan",M
"Wilson, Ashia C.",F
"Wu, Xi-Zhu",M
"Wu, Yuexin",M
"Wu, Zhiwei Steven",M
"Xia, Yingce",M
"Xiao, Lin",M
"Xie, Qi",M
"Xu, Chang",M
"Xu, Huan",M
"Xu, Lei",F
"Xu, Pan",M
"Yan, Qiqi",M
"Yan, Xinyan",F
"Yang, Bo",M
"Yang, Eunho",M
"Yang, Hongyu",F
"Yang, Jiachen",M
"Yang, Lin F.",M
"Yang, Tianbao",M
"Yang, Zhuoran",M
"Ye, Haishan",F
"Ye, Jieping",M
"Ye, Nan",M
"Ye, Xiaojing",M
"Ye, Yinyu",M
"Yin, Hao",M
"Yu, Chen",M
"Yu, Hong",F
"Yuan, Bo",M
"Yuan, Xiao-Tong",M
"Yue, Shichao",M
"Zhai, Chengxiang",M
"Zhang, Ce",M
"Zhang, Chenzi",M
"Zhang, Hongyang",M
"Zhang, Huan",M
"Zhang, Lijun",M
"Zhang, Qin",M
"Zhang, Shengyu",M
"Zhang, Tong",M
"Zhang, Xiao",M
"Zhang, Yi",M
"Zhang, Yilin",F
"Zhang, Yizhe",M
"Zhang, Yuchen",M
"Zhang, Zhihua",M
"Zhao, He",M
"Zhao, Liang",M
"Zhao, Ming-Min",M
"Zhao, Mingmin",M
"Zhao, Peilin",M
"Zhao, Shengjia",M
"Zhao, Tuo",M
"Zhe, Shandian",M
"Zheng, Shuai",M
"Zheng, Shuxin",F
"Zheng, Yi",M
"Zhou, Hao Henry",M
"Zhou, Mingyuan",M
"Zhou, Yi",M
"Zhou, Yichi",M
"Zhou, Yuan",F
"Zhou, Yuefeng",M
"Zhou, Zhi-Hua",M
"Zhu, Han",M
"Zhu, Rongda",M
"Zhu, Wenwu",M
"Zhu, Zhenyao",M
"Zoghi, Masrour",M
"Zoph, Barret",M
"Aquino, Andrea",F
"Bachala, Shakthi",M
"Baki, Islem",M
"Bang, Jae Young",M
"Bavota, Gabriele",M
"Bhatia, Jaspreet",F
"Bosu, Amiangshu",M
"Chen, Bihuan",M
"Chen, Feifei",F
"Chen, Lin",M
"Chen, Taolue",M
"Chen, Tse-Hsun",M
"Chen, Zhenyu",M
"Cheng, Jinghui",M
"Feng, Jing",F
"Feng, Yuan",M
"Flora, Parminder",F
"Gao, Zheng",M
"Guo, Jin",F
"Han, Shi",M
"He, Jiang",M
"Huo, Wei",M
"Jiang, He",M
"Jiang, Siyuan",F
"Jiang, Yu",M
"Jiang, Zhen Ming",M
"Jiang, Zhen Ming Jack",M
"Jifeng, Xuan",M
"Karim, Rezwana",F
"Khatchadourian, Raffi",M
"Kulesza, Uira",M
"Lanza, Michele",M
"Lee, Youn Kyu",M
"Lin, Yun",M
"Liu, Jian",M
"Liu, Peng",M
"Liu, Xiaohui",F
"Lu, Shan",F
"Lucia, Andrea De",M
"Luo, Xiapu",M
"Ma, Wanwangying",F
"Malek, Sam",M
"Maoz, Shahar",M
"Mcintosh, Shane",M
"Mcmillan, Collin",M
"Nelson, Whitney",F
"Nguyen, Tien",M
"Parnin, Chris",M
"Pollock, Lori",F
"Polozov, Olekander",M
"Poshyvanyk, Denys",M
"Péraire, Cécile",F
"Rolim, Reudismam",M
"Scalabrino, Simone",M
"Shang, Weiyi",M
"Shar, Lwin Khin",M
"Shi, August",M
"Singh, Munindar P.",M
"Soltani, Mozhan",F
"Song, Fu",M
"Song, Linhai",M
"Sridharan, Manu",M
"Su, Guoxin",M
"Sun, Chengnian",M
"Sun, Jun",M
"Tang, Enyi",M
"Thierry, Titcheu Chekam",M
"Wang, Chao",M
"Wang, Pei",M
"Wang, Shuai",M
"Wang, Ximing",M
"Wang, Yanchun",M
"Wu, Fei",M
"Wynn, Moe",M
"Xiaochen, Li",M
"Xie, Bing",M
"Xiong, Yingfei",M
"Xu, Baowen",M
"Xu, Zhengzi",M
"Xue, Lei",M
"Xue, Yinxing",M
"Yang, Yun",M
"Yu, Le",M
"Zeng, Lingfei",F
"Zhang, Feng",M
"Zhang, Hongyu",M
"Zhang, Jiachen",F
"Zhang, Lu",M
"Zhang, Tao",M
"Zhang, Tianyi",M
"Zhang, Xuyun",M
"Zhao, Yixue",F
"Zheng, Wei",M
"Zheng, Yunhui",M
"Zhou, Yu",M
"Zhou, Yuming",M
"Zijiang, Yang",M
"Zou, Ying",F
"Liu, Xiaobai",M
"Chen, Qi",M
"Lin, Xu Liang",M
"Chien, Shao-Yi",M
"Ma, Kwan-Liu",M
"Ji, Rongrong",F
"Hsu, Chih-Fan",M
"Hsu, Cheng-Hsin",M
"Lei, Chin-Laung",M
"Tan, Fuwen",F
"Deng, Teng",NA
"Yan, Bo",M
"Shi, Shu",NA
"Yuan, Weizhe",F
"He, Haoqin",M
"Jana, Rittwik",M
"Xu, Yang",M
"Chao, H. Jonathan",M
"Liu, Si",F
"Sun, Yao",M
"Zhu, Defa",M
"Bao, Renda",F
"Chang, Yu-Ting",F
"Cheng, Wen-Haung",M
"Wu, Bo",M
"Hua, Kai-Lung",M
"Cheng, Li",M
"Liu, Anan",F
"Zhang, Luming",M
"He, Xiangnan",M
"Gao, Junyu",M
"Tian, Yuan",F
"Yang, Ziwei",NA
"Han, Yahong",F
"Wang, Zheng",M
"Jiang, Shuhui",F
"Fu, Yun",M
"Yan, Sijie",M
"Qiu, Shi",M
"Li, Jianan",F
"Zhao, Fang",F
"Li, Jianshu",M
"Xu, Tingfa",M
"Gu, Xiaoling",F
"Peng, Pai",M
"Shou, Lidan",M
"Yan, Yichao",M
"Xu, Jingwei",NA
"Bai, Jiale",M
"Shen, Yang",M
"Zhang, Chongyang",M
"Mei, Lin",M
"Yao, Chen",F
"Fan, Shaojing",F
"Jiang, Ming",M
"Shen, Zhiqi",M
"Li, Yuke",M
"Zhao, Yiru",F
"Deng, Bing",NA
"Bao, Zhimin",F
"Gong, Dihong",NA
"Peng, Yang",M
"Wang, Jinqiao",M
"Tang, Ming",M
"Xie, Lan",F
"Xu, Zhimin",M
"Ban, Yixuan",F
"Zhang, Xinggong",M
"Liao, Xiaofei",M
"Li, Peng",M
"Jin, Hai",M
"Lin, Li",NA
"Xia, Ke",M
"Ma, Yuqing",F
"Mu, Yadong",M
"Zhang, Shiliang",M
"Chen, Jun",M
"Ding, Guiguang",M
"Gao, Yue",M
"Han, Jungong",M
"Liu, Boqing",NA
"Du, Xiaoyu",M
"Min, Weiqing",M
"Nian, Fudong",M
"Bao, Bing-Kun",F
"Li, Teng",M
"Gao, Wen",M
"Liu, Ting",F
"Zhao, Yao",M
"Chen, Junyu",M
"Guo, Yuxiao",NA
"He, Jun-Yan",M
"Jiang, Yu-Gang",M
"Zhao, Bo",M
"Yang, Jiajia",M
"Wang, Shangfei",F
"Özbal, Gözde",F
"Li, Yusen",M
"Deng, Yunhua",NA
"Tang, Xueyan",M
"Cai, Wentong",M
"Xia, Yingjie",M
"Xue, Tangli",NA
"Luo, Hongcheng",M
"Cheng, Danpeng",M
"Yang, Xin",F
"Lin, Jen-Chun",M
"Wei, Wen-Li",F
"Wang, Hsin-Min",M
"Liao, Hong-Yuan Mark",M
"Xu, Jun",M
"Tan, Kong Cheng",M
"Yong, Soon Xuan",M
"Kuchera-Morin, Joann",F
"Kim, Kon Hyong",NA
"Kim, Hyomin",M
"Young, Jiayi",F
"Zunino, Andrea",M
"Cavallo, Andrea",M
"Song, Xinhang",F
"Yang, Hua",F
"Wu, Shuang",M
"Tang, Youbao",M
"Long, Yang",M
"Ren, Zhe",M
"Zhang, Ning",M
"Cao, Yu",M
"Luo, Yan",F
"Zhou, Yiyi",F
"Zheng, Zhongyang",M
"Wang, Bo",M
"Wang, Yakun",F
"Yang, Shuang",M
"Dong, Zhongqian",NA
"Yi, Tianyang",NA
"Zhou, Chao",M
"Liu, Yao",F
"Chen, Songqing",M
"Chang, Xiaojun",M
"Zhou, Chengju",M
"Lam, Siew-Kei",M
"Li, Annan",F
"Feng, Fuli",M
"Liu, Jinhuan",NA
"Li, Zekun",M
"Ma, Jun",M
"Wang, Yaxin",F
"Chen, Shiyu",F
"Chang, Chia-Yang",M
"Joo, Jungseock",M
"Jin, Zhiwei",M
"Guo, Han",M
"Chen, Gong",M
"Chen, Xiang",M
"Huang, Xiaolin",M
"Zhang, Jiaqi",F
"Wang, Zhenzhen",F
"Tan, Yap-Peng",M
"Zong, Yuan",M
"Huang, Xiaohua",M
"Cui, Zhen",M
"Zhao, Guoying",F
"Oh, Hyungik",M
"Han, Jing",F
"Zhang, Zixing",M
"Lu, Ke",M
"Zhang, Liang",M
"Ma, Bingpeng",M
"Zhao, Pengpeng",M
"Xu, Xiefeng",NA
"Liu, Yanchi",M
"Xiong, Hui",M
"Wu, Chao",M
"Li, Qiushi",M
"Zhang, Yaoxue",M
"Zhao, Wencang",M
"Kong, Yu",M
"Wang, Meng",F
"Liu, Meng",F
"Zhang, Hua",M
"Lin, Tianwei",M
"Zhao, Xu",F
"Liao, Lixin",M
"Liu, Ruoyu",M
"Englebienne, Gwenn",F
"Tu, Yunbin",NA
"Liu, Bingtao",M
"Duan, Zhenyu",M
"Zhuang, Lixue",NA
"Wang, Feng",M
"Xiang, Xiang",NA
"Zhao, Zhou",M
"Jiang, Xinghua",F
"Li, Xinyu",M
"Zhang, Yanyi",F
"Chen, Yueyang",M
"Jiang, Xinyang",M
"Tang, Siliang",M
"Zhang, Yin",M
"Han, Xintong",M
"Wu, Zuxuan",M
"Lievens, Sammy",M
"Stohr, Denny",M
"Ooi, Wei Tsang",M
"Nguyen, Thi Ngoc Tram",F
"Liangkun, Yan",M
"Lin, Lien-Ya",NA
"Ling, Suiyi",M
"Gao, Feng",M
"Bai, Yan",M
"Lou, Yihang",M
"Wang, Shiqi",M
"Duan, Ling-Yu",M
"Mao, Hui",M
"Cheung, Ming",M
"Wang, Xiang",M
"Dong, Hao",M
"Supratak, Akara",M
"Mai, Luo",M
"Guo, Yike",M
"Garcia, Boni",M
"Qiu, Weichao",M
"Zhong, Fangwei",M
"Qiao, Siyuan",M
"Kim, Tae Soo",M
"Wang, Yizhou",M
"Guo, Xiaojie",F
"Li, Yu",M
"Ma, Jiayi",F
"Zhao, Rui-Wei",M
"Shang, Xindi",F
"Ren, Tongwei",M
"Yang, Lingxiao",M
"Lee, Yuan-Shan",NA
"Yu, Kuo",M
"Chen, Sih-Huei",NA
"Wang, Jia-Ching",M
"Wu, Jian",M
"Guo, Anqian",NA
"Li, Hua",F
"Bin, Yi",NA
"Xie, Ning",M
"Zhu, Yifei",M
"Wang, Zhi",M
"Zhang, Cong",F
"Hu, Di",M
"Nie, Feiping",M
"Katsageorgiou, Vasiliki-Maria",F
"Goel, Sonal",NA
"Subramanyam, A V.",M
"Ma, Ye",M
"Li, Xinxing",M
"Xu, Mingxing",M
"Jia, Jia",F
"Sami, Ishrat Rahman",F
"Davani, Sina Gholamnejad",F
"Sabir, Ekraam",M
"Wang, Wenmin",M
"Wang, Jinzhuo",M
"Yang, Fei",F
"Zheng, Qinjie",F
"Gao, Xin",M
"Zhao, Jian",M
"Yan, Ming",M
"Huang, Chendi",NA
"Lan, Weiyu",M
"Li, Xirong",M
"Bahirat, Kanchan",F
"Shu, Xiao",M
"Wu, Xiaolin",M
"Wu, Lifang",F
"Wang, Lin",M
"Cavallaro, Andrea",M
"Do, Thanh-Toan",M
"Hu, Ruimin",F
"Yu, Yi",F
"Jiang, Junjun",M
"Liu, Wu",M
"Ma, Huadomg",M
"Fu, Yanwei",M
"Ma, Yiqing",F
"Xue, Xiangyang",M
"He, Keke",M
"Wang, Zhanxiong",NA
"Ji, Xin",F
"Eun, Yongsoon",M
"Lin, Shujin",M
"Luo, Xiaonan",M
"Xu, Songhua",M
"Wang, Ruomei",F
"Fan, Mengdi",F
"Dong, Peilei",NA
"Han, Liang",M
"Li, Ge",M
"Wang, Min",NA
"Li, Shaohua",NA
"Xu, Xinxing",NA
"Gui, Liangke",NA
"Duanmu, Zhengfang",NA
"Wang, Kede Ma Zhou",NA
"Zhang, Peng-Fei",NA
"Li, Chuan-Xiang",NA
"Liu, Meng-Yuan",NA
"Xu, Xin-Shun",NA
"Chen, Jing-Jing",NA
"Ngo, Chong-Wah",NA
"Chen, Tao",NA
"Chen, Jia",NA
"Jin, Qin",NA
"Qiao, Peng",NA
"Dou, Yong",NA
"Zhao, Nan",NA
"Zhu, Chengli",NA
"Lee, Ying-Chin",NA
"Lu, Ping-En",NA
"Lu, Shian-Shin",NA
"Lai, Hsiao-Ting",NA
"Huang, Chihg-Chu",NA
"Wang, Chun",NA
"Lin, Yang-Jiun",NA
"Su, Weng-Tai",NA
"Wang, Huiyun",NA
"Gong, He",NA
"Phan, Sang",NA
"Huang, Xiaowen",NA
"Gao, Yuqi",NA
"Fang, Quan",NA
"Situ, Runwei",NA
"Gao, Junyan",NA
"Yang, Chao-Lung",NA
"Shen, Chen",NA
"Germane, Kimball",M
"Hur, Chung-Kil",M
"Lahav, Ori",M
"Liu, Xinxin",F
"Zhang, Wenhui",M
"Hriţcu, Cătălin",M
"Foster, Nate",M
"Feng, Yu",M
"Zhang, Qirun",M
"Madhavan, Ravichandhran",M
"Ahman, Danel",M
"Lindley, Sam",M
"Shan, Chung-Chieh",M
"Lehmann, Nicolás",M
"Tanter, Éric",M
"Totel, Éric",M
"Ying, Mingsheng",M
"Wu, Xiaodi",M
"Grigore, Radu",M
"Rompf, Tiark",M
"Szynwelski, Michał",M
"Zhang, Danfeng",M
"Flur, Shaked",M
"Chang, Bor-Yuh Evan",M
"Yoshimizu, Akira",M
"Leijen, Daan",M
"Knauth, Alex",M
"Alon, Noga",M
"Azar, Yossi",M
"Baggio, Andrea",F
"Bhattacharya, Sayan",M
"Blum, Avrim",M
"Borassi, Michele",M
"Buchbinder, Niv",M
"Chan, Siu On",M
"Chechik, Shiri",F
"Chekuri, Chandra",M
"Chen, Xue",F
"Chlamtac, Eden",M
"Clementi, Andrea",M
"Cohen, Ilan",M
"Cohen, Lihi",F
"Das, Syamantak",M
"Duan, Ran",M
"Feldman, Moran",M
"Gao, Jiawei",F
"Gelashvili, Rati",M
"Gouleakis, Themis",M
"Guo, Heng",M
"Har-Peled, Sariel",M
"Harrow, Aram",M
"Heydrich, Sandy",F
"Hirvensalo, Mika",M
"Huang, Sangxia",M
"Huang, Shang-En",M
"Huang, Zhiyi",M
"Izsak, Rani",M
"Jelínek, Vít",M
"Jiang, Shaofeng H.-C.",M
"Kang, Ning",F
"Kavitha, Telikepalli",F
"Keller, Chaya",F
"Ko, Young Kun",M
"Kwok, Tsz Chiu",M
"Lau, Lap Chi",M
"Lepoint, Tancrède",M
"Levi, Nissan",M
"Li, Shi",M
"Li, Yang",M
"Lingxiao, Huang",M
"Lu, Pinyan",M
"Makarychev, Yury",M
"Manurangsi, Pasin",M
"Mao, Jieming",M
"Maria, Clément",M
"Misra, Pranabendu",M
"Montanaro, Ashley",M
"Naor, Seffi",M
"Newman, Ilan",M
"Nosatzki, Negev Shekel",M
"Nummenpalo, Jerri",M
"Paz, Ami",M
"Pilipczuk, Michał",M
"Procaccia, Ariel",M
"Rabinovich, Yuri",M
"Ron-Zewi, Noga",F
"Rudra, Atri",M
"Seshadhri, C.",M
"Sherman, Jonah",M
"Stougie, Leen",M
"Sudan, Madhu",M
"Svensson, Ola",M
"Thankachan, Sharma V.",M
"Tsai, Meng-Tsung",M
"Tsfadia, Eliad",M
"Uitto, Jara",M
"Vardi, Shai",M
"Verdière, Éric Colin De",M
"Wagner, Tal",M
"Wei, Fan",F
"Weinstein, Omri",M
"Wong, Sam Chiu-Wai",M
"Worrell, And James",M
"Yang, Kuan",M
"Yu, Huacheng",M
"Zhou, Hang",M
"Culpepper, J. Shane",M
"Liao, Kewen",M
"Zhu, Xiaojin",M
"Jain, Shuktika",F
"Jain, Saumya",F
"Barbieri, Nicola",M
"Catasta, Michele",M
"Zhang, Fuzheng",M
"Cao, Chuan",M
"Fu, Hao",M
"Xie, Xing",M
"Ren, Xiang",M
"Lv, Yuanhua",M
"Wang, Kuansan",M
"Han, Jiawei",M
"Zhang, Yong",M
"Zhao, Sendong",M
"Wang, Quan",M
"Shin, Kijung",M
"Guo, Xiaoxiao",M
"Mei, Qiaozhu",M
"Jiang, Lu",M
"Cao, Liangliang",M
"Hauptmann, Alex",M
"Wang, Tao",M
"Luo, Cheng",M
"Liu, Yiqun",M
"Zhou, Ke",M
"Li, Xue",F
"Ma, Shaoping",M
"Xu, Linchuan",M
"Guy, Ido",M
"Cheng, Gong",M
"Jin, Cheng",M
"Qu, Yuzhong",M
"Lavee, Gal",M
"Elazar, Shay Ben",M
"Berezin, Hilik",M
"Zaccai, Tal",F
"Wei, Xingjie",F
"Zheng, Lei",M
"Huang, Xiao",M
"Hu, Xia",M
"Chen, Jianhui",M
"Calders, Toon",M
"Ren, Kan",M
"Li, Wenxin",F
"Wang, Jun",M
"Zhu, Yanmin",M
"Cao, Jian",M
"He, Yuan",M
"Wang, Cheng",M
"Jing, How",M
"He, Xinran",F
"Liu, Yan",F
"Wang, Jing",F
"Wang, Yulu",F
"Yuan, Quan",M
"Cong, Gao",M
"Yeo, Jinyoung",M
"Tay, Yi",M
"Luu, Anh Tuan",M
"Hui, Siu Cheung",M
"Cai, Han",M
"Yu, Yong",M
"Guo, Defeng",M
"Beutel, Alex",M
"Li, Yaliang",M
"Du, Nan",M
"Liu, Chaochun",M
"Fan, Wei",M
"Li, Qi",F
"Gao, Jing",F
"Sun, Huan",F
"He, Qing",M
"Liu, Huiwen",F
"Liang, Shangsong",M
"Wang, Shuaiqiang",M
"Chen, Bee-Chung",M
"Song, Hongya",F
"Chen, Ting",F
"Sun, Yizhou",F
"Aggarwal, Charu",M
"Deng, Alex",M
"Lu, Jiannan",M
"Swaminathan, Adith",M
"Hsu, Chin-Chi",M
"Chen, Huijun",F
"Rao, Yanghui",M
"Wang, Fu Lee",M
"Wong, Tak-Lam",M
"Chen, Yuxiao",M
"Abbasi, Rabeeh Ayaz",M
"Ghosh, Soumya K.",M
"Mu, Lin",F
"Zheng, Lizhou",F
"Zhao, Jie",NA
"Yue, Lihua",F
"Gunaratna, Kalpa",M
"Nguyen, Thin",M
"O'Dea, Bridianne",F
"Barbosa, Glívia Angélica Rodigues",F
"Coutinho, Flávio Roberto Dos Santos",M
"Ho, Jung-Tsung",M
"Kuo, Ting-Chang",F
"Luong, Thai Ha",NA
"Sun, Feiyang",M
"Tao, Jing",F
"Guan, Xiaohong",M
"Zhang, Xi",M
"Jiang, Shan",M
"Cheng, Yihang",NA
"Zhao, Tong",M
"Yu, Ran",F
"Xia, Feng",M
"Yang, Qian",F
"Wangmelo, Sen",NA
"Wu, Runze",M
"Liu, Qi",M
"Ng, Wan",F
"Wang, Xiaochen",F
"Song, Zhengyang",M
"Sun, Jimeng",M
"Chan, Hou Pong",M
"Peng, Jun",M
"Wang, Minhong",F
"Thongmak, Mathupayas",F
"Newhouse, C. Paul",M
"Abbas, Farhat",M
"Star, Kam",M
"Kang, Ah Reum",F
"Xue, Su",M
"Wu, Meng",F
"Zaman, Kazi A.",M
"Sun, Xiaowen",M
"Zhao, Lu",NA
"Yang, Chenglei",M
"Yang, Longqi",M
"Li, Liangyue",M
"Yang, Jaewon",M
"He, Qi",F
"Du, Yue Li",F
"Santu, Shubhra Kanti Karmaker",M
"Li, Liangda",NA
"Mason, Winter",M
"Adamic, Lada",F
"Zhong, Lin",M
"Li, Li-Jia",F
"Jie, Luo",M
"Mansour, Yishay",M
"Fu, Xin",F
"Anderson, Ashton",M
"Noti, Gali",F
"Ganapathy, Nar",M
"Menache, Ishai",M
"Liu, Xueqing",F
"Han, Wei",M
"Juan, Yuchin",M
"Ling, Xiaoliang",M
"Deng, Weiwei",M
"Gu, Chen",M
"Li, Cui",F
"Sun, Feng",NA
"Fang, Xiu Susie",F
"Huang, Qiangjuan",NA
"Jin, Hongshan",M
"Zhang, Wen",M
"Rezaei, Aria",M
"Akoglu, Leman",F
"Rotabi, Rahmtin",M
"Kamath, Krishna",M
"Sajadmanesh, Sina",M
"Jafarzadeh, Sina",M
"Tanaka, Katsumi",M
"Luo, Ling",F
"Qiu, Lin",M
"Lam, Alex",M
"Wilkinson, Andrea",F
"Vanijja, Vajirasak",M
"Mizobuchi, Sachi",F
"Hu, Shimin",F
"Song, Wei",M
"Mohammed, Sabah",M
"Loo, Chu Kiong",M
"Pasupa, Kitsuchart",M
"Datta, Soumya Kanti",NA
"Burns, Gully Apc",M
"Wang, Jingbo",F
"Wyborn, Lesley",F
"Ding, Cong",NA
"Chen, Ruichuan",M
"Hui, Pan",M
"Fu, Xiaoming",M
"Wang, Xiaorong",M
"Huang, Weijing",M
"Wang, Tengjiao",NA
"Jin, Jian",M
"Geng, Qian",F
"Zhao, Qian",F
"Zhang, Lixue",M
"Hou, Jie",M
"Du, Hongzhuang",NA
"Lee, Po-Shen",M
"Peng, You",F
"Zhang, Zhen",M
"Xu, Quanqing",M
"Zhang, Kewei",M
"Jurdak, Raja",M
"Zuo, Wanli",NA
"Yue, Lin",F
"Han, Jiayu",NA
"Feng, Lizhou",NA
"Grosu, Radu",M
"Chen, Tong",NA
"Jiang, Fang-Zhou",M
"Seneviratne, Aruna",M
"Xu, Zhenzhen",M
"Jeong-Ho, Park",M
"Zhang, Menghao",NA
"Hu, Binbin",M
"Shi, Chuan",F
"Wang, Bai",F
"Zhang, Limeng",M
"Jiang, Haixin",NA
"Wang, Hua",M
"Zhang, Yanchun",M
"Naeem, M. Asif",M
"Hu, Pengwei",M
"He, Tiantian",M
"Sporny, Manu",M
"Gao, Zhimin",M
"Lu, Yang",M
"Davis, Clodoveu A.",M
"Shen, Siqi",NA
"Chen, Shengling",M
"Nguyen, Giang",M
"Taxidou, Io",F
"Lim, Ee-Peng",M
"Ning, Zhaolong",M
"Guo, Lei",F
"Tan, Tele",M
"Jeong, Jiwan",M
"Chavoshi, Nikan",F
"Gipp, Bela",M
"Tinati, Ramine",M
"Abbeel, Openai Pieter",M
"Adi, Yossi",M
"Ang, Siena",F
"Bagnell, J.",M
"Baltaoglu, M. Sevi",F
"Barnes, Tavian",M
"Basu, Kinjal",M
"Ben-Hur, Asa",M
"Benaim, Sagie",M
"Bewley, Alex",M
"Bhatia, Kush",M
"Bhattacharya, Sharmodeep",M
"Blanchard, Peva",M
"Boney, Rinu",M
"Campbell, Lee",M
"Cao, Zhangjie",M
"Cappabianco, Fábio",M
"Cesa-Bianchi, Nicolò",M
"Chang, Haw-Shiuan",M
"Chang, Shiyu",M
"Chen, Hong",F
"Chen, Jie",F
"Chen, Liqun",F
"Chen, Openai Xi",M
"Chen, Shixiang",M
"Chen, Wen Hao",M
"Cheng, Ching-An",M
"Cheng, Feng",M
"Chiang, Chao-Kai",M
"Chichilnisky, E.J.",M
"Cho, Kyunghyun",M
"Cho, Minhyung",M
"Clémençon, Stéphan",M
"Colombo, Nicolò",M
"Dai, Zihang",M
"Dao, Tri",M
"De, Soham",M
"Deng, Cheng",M
"Deng, Zhijie",M
"Dhillon, Inderjit S",M
"Dieng, Adji Bousso",F
"Dilkina, Bistra",F
"Ding, Nan",M
"Ding, Yi",F
"Do, Minh",M
"Dong, Kun",M
"Dong, Wen",M
"Dong, Xin",M
"Doshi-Velez, Finale",F
"Du, Yulun",M
"Duan, Yan",M
"Dutta, Abhratanu",M
"Dzirasa, Kafui",M
"Dünner, Celestine",F
"El-Yaniv, Ran",M
"Fan, Lijie",M
"Fan, Lixin",M
"Fan, Yanbo",M
"Fang, Cong",M
"Fang, Le",M
"Farahmand, Amir-Massoud",M
"Felix, Huziel Enoc Sauceda",M
"Feragen, Aasa",F
"Fiete, Ila",F
"Fout, Alex",M
"Frellsen, Jes",M
"Gao, Shaobing",M
"Gao, Zhihan",F
"Garimella, Kiran",M
"Ghassami, Amiremad",M
"Giovannucci, Andrea",M
"Givoni, Inmar",M
"Gonczarowski, Yannai A.",M
"Gong, Qucheng",M
"Gong, Yihong",M
"Goodman, Noah",M
"Gruslys, Audrunas",M
"Gu, Jinwei",M
"Gu, Ning",M
"Gu, Tianyu",M
"Gu, Yue",M
"Guan, Tong",NA
"Gummadi, Krishna",M
"Gunasekar, Suriya",F
"Guo, Yilu",M
"Güçlütürk, Yağmur",F
"Hadsell, Raia",F
"Hao, Tele",M
"Hao, Yi",M
"Hartmann, Mitra Jz",F
"Hasselt, Hado Van",M
"Hayes, Jamie",M
"He, Di",M
"He, Hao",M
"He, Ji",M
"He, Ran",M
"He, Zhen",M
"Hjelm, R Devon",M
"Ho, Openai Jonathan",M
"Hochberg, Leigh",M
"Hong, Yi-Te",M
"Hoshen, Yedid",M
"Hou, Bo-Jian",M
"Houthooft, Rein",M
"Hsu, Wei-Ning",F
"Hu, Addison",F
"Hu, Wei",M
"Huang, Heng",M
"Huang, Win-Bin",M
"Huang, Xiangru",M
"Huang, Zhiao",M
"Hwu, Wen-Mei",M
"Jagatap, Gauri",F
"Jang, Minje",M
"Jayashree, Panasonic Karlekar",F
"Ji, Pan",M
"Ji, Wei",M
"Jia, Xu",M
"Jiang, Yong",M
"Jiang, Zhanhong",M
"Jiao, Licheng",M
"Jie, Zequn",M
"Jin, Rong",M
"Jin, Xiaojie",M
"Jones, Quinn",M
"Ju, Cheng",M
"Jung, Young Hun",M
"Kaiser, Łukasz",M
"Kakade, Sham",M
"Kaluza, M. Clara De Paolis",F
"Kanai, Sekitoshi",M
"Kang, Di",M
"Kang, Soong Moon",M
"Kar, Soummya",M
"Ke, Guolin",M
"Ke, Nan Rosemary",F
"Khardon, Roni",M
"Kilbertus, Niki",M
"Killian, Taylor",M
"Kim, Jin W",M
"Kim, Jin-Hwa",M
"Kim, Kee-Eung",M
"Kitani, Kris",M
"Kloss, Carey",M
"Kuang, Zhaobin",M
"Kuzborskij, Ilja",M
"Lai, Yi-An",M
"Lamb, Alex",M
"Lan, Man",M
"Lau, Hoong Chuin",M
"Law, Ho Chung",M
"Lee, Eun Jee",F
"Lee, Jin Hyung",F
"Lee, Kisuk",M
"Lee, Minjae",NA
"Lee, Su-In",F
"Legg, Shane",M
"Lei, Lihua",M
"Li, Chiang-Shan R",M
"Li, Chongxuan",M
"Li, Chunyuan",M
"Li, Dangna",F
"Li, Dianqi",M
"Li, Hai",F
"Li, Pan",M
"Li, Sheng",M
"Li, Tianxi",M
"Li, Wei",M
"Li, Yao",F
"Li, Yitong",M
"Li, Yujia",M
"Li, Yunzhu",M
"Lian, Xiangru",M
"Liang, Zhenxiao",M
"Liao, Xuejun",M
"Lim, Cong Han",M
"Lin, Ji",M
"Lin, Lizhen",F
"Lin, Xiaofan",M
"Ling, Huan",M
"Liu, Guangcan",M
"Liu, Hao",M
"Liu, Linxi",F
"Liu, Liping",M
"Liu, Mingrui",M
"Liu, Shuang",M
"Liu, Song",M
"Liu, Weiwei",F
"Liu, Yuanyuan",F
"Liu, Yuting",F
"Lou, Qi",M
"Lowrey, Kendall",M
"Lu, Jiasen",M
"Lu, Xiuyuan",F
"Lu, Yue",F
"Lu, Zhou",M
"Luo, Zelun",M
"Lyu, Siwei",M
"Ma, Jian",M
"Ma, Liqian",M
"Ma, Siyuan",M
"Maddison, Chris",M
"Maddison, Chris J",M
"Mao, Jialin",F
"Mao, Jian-Hua",M
"Maximov, Yury",M
"Mcallister, Rowan",M
"Mei, Hongyuan",M
"Metzler, Chris",M
"Min, Seonwoo",M
"Missura, Olana",F
"Montanari, Andrea",M
"Moran, Shay",M
"Murugesan, Keerthiram",M
"Nachum, Ofir",M
"Nagarajan, Vaishnavh",M
"Nan, Feng",M
"Nguyen, Nam",M
"Nguyen, Tu",M
"Nissim, Kobbi",M
"Noh, Yung-Kyun",M
"Oates, Chris",M
"Ohama, Iku",M
"Ouyang, Yi",M
"Pai, Ruby J",F
"Palmer, Lyle",M
"Pan, Chao",NA
"Pan, Wei",M
"Park, Seunghyun",M
"Park, Seyoung",M
"Parmar, Niki",F
"Perchet, Vianney",M
"Perrault-Joncas, Dominique",M
"Pichapati, Venkatadheeraj",NA
"Ping, Wei",M
"Polosukhin, Illia",M
"Poon, Hoifung",M
"Prabhat, Mr.",M
"Pranata, Panasonic Sugiri",F
"Pu, Yuchen",F
"Qi, Yanjun",F
"Qian, Chao",M
"Qiao, Chunming",M
"Qin, Chao",M
"Qu, Lizhen",M
"Qu, Qing",M
"Racz, Miklos",M
"Ralaivola, Liva",M
"Rantanen, Kari",M
"Ray, Alex",M
"Rebuffi, Sylvestre-Alvise",M
"Ru, Yizhong",M
"Sabato, Sivan",F
"Saha, Ankan",M
"Saha, Barna",M
"Saria, Suchi",F
"Say, Buser",M
"Seung, H. Sebastian",M
"Sha, Fei",M
"Shang, Fanhua",M
"Shang, Wenling",F
"Shen, Panasonic Shengmei",F
"Shen, Tianxiao",F
"Shen, Xiaobo",M
"Shen, Yujia",F
"Shi, Jing-Cheng",M
"Shimizu, Kana",F
"Shin, Hanul",F
"Shroff, Ness",M
"Simon-Gabriel, Carl-Johann",M
"Song, Chaobing",M
"Song, Shuang",F
"Soricut, Radu",M
"Su, Yu-Chuan",NA
"Sun, Institute Of Computing Xiaoming",M
"Sun, Ming-Ting",M
"Sun, Shiliang",M
"Sun, Xiaorui",M
"Sun, Xingyuan",M
"Sun, Yifan",F
"Sundaresan, Mali",M
"Tacchetti, Andrea",M
"Tan, Wei",F
"Tang, Ke",M
"Tang, Yihe",M
"Tariq, Juvaria",F
"Tarkoma, Sasu",M
"Teh, Yee",M
"Tian, Fei",M
"Tian, Zheng",F
"Timofte, Radu",M
"Tong, Lang",NA
"Tung, Hsiao-Wei",F
"Tung, Hsiao-Yu",F
"Valkov, Lazar",M
"Vanli, Nuri",M
"Varma, Paroma",F
"Varshney, Kush",M
"Varshney, Lav",M
"Waggoner, Bo",M
"Wahlberg, Bo",M
"Wang, Alex",M
"Wang, Chuang",M
"Wang, Feicheng",M
"Wang, Guoyin",M
"Wang, Hao",M
"Wang, Jian",M
"Wang, Jun-Kun",M
"Wang, Qinshi",M
"Wang, Xiaoqian",F
"Wang, Yandan",F
"Wang, Yifan",M
"Wang, Yue",M
"Wang, Yunbo",M
"Wei, Chen-Yu",NA
"Wei, Qi",F
"Wei, Xiaohan",F
"Wei, Yuting",F
"Wilson, Ashia C",F
"Wong, Wing Hung",M
"Woo, Wang-Chun",M
"Wu, Anqi",F
"Wu, Ga",M
"Wu, Jiajun",M
"Wu, Lijun",M
"Wu, Xiang",M
"Wu, Yi",M
"Wu, Yuhuai",M
"Wu, Yuxin",M
"Xia, Fei",M
"Xia, Shu-Tao",M
"Xiao, Huaxin",M
"Xiao, Liang",M
"Xiao, Shuai",M
"Xie, Bo",M
"Xin, Bo",M
"Xiong, Lin",M
"Xu, Cong",M
"Xu, Jinhui",M
"Xu, Shizhen",NA
"Xue, Tianfan",M
"Yan, Bowei",F
"Yan, Feng",NA
"Yang, Ge",M
"Yang, Luona",F
"Yao, Sirui",F
"Yao, Weichi",M
"Yao, Xin",M
"Ye, Minwei",F
"Ye, Nanyang",M
"Ye, Qiwei",M
"Yeh, Mi-Yen",F
"Yeung, Dit-Yan",M
"Yi, Jinfeng",M
"Yin, Mingzhang",M
"Yin, Wotao",M
"Ying, Yiming",M
"Yoon, Sungroh",M
"You, Tackgeun",M
"Yu, Haizi",M
"Yu, Hao",M
"Yu, Hsiang-Fu",M
"Yu, Mo",M
"Yu, Qian",F
"Yu, Yang",M
"Yuan, Xiaotong",M
"Yuan, Yang",M
"Zhang, Boqian",M
"Zhang, Byoung-Tak",M
"Zhang, Daoqiang",M
"Zhang, Institute Of Computing Jialin",M
"Zhang, Kun",M
"Zhang, Xinhua",M
"Zhang, Yan-Ming",M
"Zhang, Yuyu",M
"Zhang, Zheng",M
"Zhang, Zhi-Li",M
"Zhang, Zhoutong",M
"Zhang, Ziming",M
"Zhao, Cong",M
"Zhao, Han",M
"Zhao, Qing",F
"Zhou, Shuheng",F
"Zhou, Yanqi",F
"Zhuang, Honglei",M
"Zuo, Iiis Song",M
"Anari, Nima",M
"Ben-Eliezer, Omri",M
"Bennett, Huck",M
"Cai, Yang",M
"Canonne, Clément",M
"Chang, Yi-Jun",M
"Chen, Lijie",M
"Eldar, Lior",M
"Fleming, Noah",M
"Garg, Sanjam",M
"Ghosh, Mrinalkanti",M
"Göös, Mika",M
"He, Kun",M
"Kaufman, Tali",NA
"Khurana, Dakshita",F
"Klartag, Bo'Az",M
"Komargodski, Ilan",M
"Li, Liang",M
"Li, Yinan",M
"Liu, Jingcheng",M
"Lovett, Shachar",M
"Nayyar, Krati",F
"Nelson, Jelani",M
"Oshman, Rotem",F
"Qiao, Youming",M
"Raz, Ran",M
"Saranurak, Thatchaphol",M
"Sattath, Or",M
"Schramm, Tselil",F
"Schwiegelshohn, Chris",M
"Siminelakis, Paris",M
"Srinivasan, Akshayaram",M
"Stephens-Davidowitz, Noah",M
"Valiant, Leslie",M
"Wang, Yuyi",M
"Wang, Zhengyu",M
"Wigderson, Avi",M
"Wu, Pei",F
"Xia, Mingji",M
"Xie, Jinyu",M
"Ye, Min",F
"Zhai, Alex",M
"Zhang, Peng",M
"Burdge, Darci",F
"Chaudhry, Ayaan",M
"Cufi, Xefi",M
"Gedawy, Huda",F
"Ghinea, Gheorghita",M
"Greer, Des",M
"Haidry, Shifa-E-Zehra",NA
"Hall, T. Simin",F
"Ihantola, Petri",M
"Izu, Cruz",F
"Karkare, Amey",M
"Kazerouni, Ayaan M.",M
"Keuning, Hieke",F
"Laakso, Mikko-Jussi",M
"Loftus, Chris",M
"Lucarelli, Chery",F
"Phothilimthana, Phitchaya Mangpo",F
"Scaico, Pasqueline Dantas",F
"Shene, Ching-Kuang",M
"Tang, Terry",F
"Wang, Chaoli",M
"Wang, Man",M
"Weerasinghe, Amali",F
"Akshay, S.",M
"Barbosa, Haniel",M
"Chattopadhyay, Sudipta",M
"Cheng, Chih-Hong",M
"Courant, Nathanaël",M
"Cruz-Filipe, Luís",M
"Heule, Marijn",M
"Hou, Zhe",M
"Inala, Jeevana Priya",F
"Katoen, Joost-Pieter",M
"Li, Yong",M
"Loreti, Michele",M
"Niemetz, Aina",NA
"Roohi, Nima",M
"Sankur, Ocan",M
"Shah, Shetal",M
"Tamir, Tami",F
"Tiu, Alwen",M
"Turrini, Andrea",M
"Vandin, Andrea",M
"Zhang, Chenyi",M
"Zhang, Fuyuan",M
"Alemi, Alex",M
"Alhanai, Tuka",F
"Alkoby, Shani",F
"Amiri, Sorour",F
"An, Bo",M
"Ao, Shuang",M
"Arvind, V.",M
"Aswani, Rashi",F
"Banihashemi, Bita",F
"Basilico, Nicola",M
"Basulto, Víctor Gutiérrez",M
"Battles, Alec",NA
"Beck, J. Christopher",M
"Bhat, Suma",F
"Bhattacharjee, Sreyasee",F
"Bhattacharya, Sakyajit",NA
"Brown, Narren",M
"Bsat, Salam El",M
"Canetti, Ran",M
"Cao, Rongyu",M
"Cao, Ruiming",M
"Cao, Tongyi",M
"Cao, Yue",M
"Castro-Wunsch, Karo",M
"Celli, Andrea",M
"Chakrabarty, Deeparnab",M
"Chan, Hau",M
"Chang, Kai-Wei",M
"Chaowalitwongse, W.Art",M
"Chee, Yeow Meng",M
"Chen, Danyang",F
"Chen, Hao",F
"Chen, Hui",M
"Chen, Jian",M
"Chen, Jiehua",F
"Chen, Minghai",M
"Chen, Mulin",M
"Chen, Qinfei",F
"Chen, Songcan",M
"Chen, Tseng-Hung",M
"Chen, Weihua",M
"Chen, Xiaohong",F
"Chen, Xiaotang",NA
"Chen, Yanju",M
"Chen, Yawen",F
"Chen, Yiling",F
"Chen, Zhen",M
"Chen, Zhengzhang",M
"Cheng, Kewei",F
"Cheung, Yiu-Ming",M
"Ching, Dixie",F
"Cui, Peng",M
"Cui, Wei",M
"Curticapean, Radu",M
"Dai, Yuanshun",M
"Dao, Thi-Bich-Hanh",F
"Dasgupta, Sakyasingha",M
"De, Anindya",M
"Dehghani, Sina",M
"Delyser, Leigh Ann",F
"Deng, Chao",M
"Deng, Lixi",NA
"Deng, Yuan",M
"Dhillon, Inderjit",M
"Dietrich, Sam",M
"Ding, Errui",M
"Ding, Hu",M
"Ding, Ying",F
"Dong, Weishan",M
"Dong, Xiwei",M
"Dong, Yihuan",M
"Dong, Zhen",M
"Du, Bo",M
"Dughmi, Shaddin",M
"Dwyer, Hilary",F
"Edgcomb, Alex",M
"Erev, Ido",M
"Fan, Heng",M
"Fan, Mingyu",M
"Fan, Xin",M
"Fan, Ying",F
"Fan, Yong",M
"Fan, Zhou",M
"Fawcett, Chris",M
"Felner, Ariel",M
"Feng, Bosi",M
"Feng, Ji",M
"Fitzpatrick, J Michael",M
"Flammini, Michele",M
"Fukunaga, Alex",M
"Gabizon, Ariel",M
"Gan, Jiarui",M
"Gan, Quan",M
"Gao, Jie",F
"Gao, Jun",M
"Gao, Li",M
"Gao, Mingyong",M
"Gao, Peng",M
"Gao, Quanxue",M
"Gao, Xinbo",M
"Gatti, Nicola",M
"Geng, Xin",M
"Gishboliner, Lior",M
"Givony, Shahar",M
"Gong, Chen",NA
"Gong, Hongyu",F
"Grbic, Sasa",M
"Gregg, Chris",M
"Guo, Xiawei",M
"Guo, Yuchen",M
"Guoliang, Ji",M
"Han, Chao",F
"Han, The Anh",M
"Han, Tian",M
"Han, Yuli",F
"Hao, Jianye",M
"Hao, Yijing",F
"He, Jingrui",F
"He, Wei",M
"Hemaspaandra, Lane A.",M
"Hongbin, Zha",M
"Hou, Peng",M
"Hu, Guoping",M
"Hu, Jianying",F
"Hu, Yi-Qi",M
"Hu, Yue",F
"Huang, Feiyue",M
"Huang, Heyan",F
"Huang, Songfang",M
"Huang, Weiran",M
"Huang, Xiaowei",M
"Huang, Yalou",M
"Huang, Zhenya",M
"Huo, Zeng-Wei",NA
"Huo, Zhouyuan",M
"Iveland, Ashley",F
"Jeon, Junekey",M
"Ji, Zhengfeng",M
"Jia, Su",M
"Jiang, Hua",F
"Jiang, Meng",M
"Jiang, Yuan",M
"Jiang, Yuncheng",M
"Jiang, Zhengshen",NA
"Jin, Bo",M
"Jin, Di",M
"Jin, Zhe",F
"Jing, Xiao-Yuan",M
"Jinnai, Yuu",M
"Johnson, Chris",M
"Kabanets, Valentine",M
"Kalai, Yael Tauman",F
"Kalaycı, Elem Güzel",F
"Kan, Min-Yen",M
"Kawas, Ban",F
"Kim, Hyunjae",M
"Koh, Kyu Han",M
"Kokainis, Martins",M
"Kol, Gillat",F
"Kong, Linglong",M
"Kowalik, Łukasz",M
"Kraus, Sarit",F
"Kruengkrai, Canasai",NA
"Kuang, Kun",M
"Kumar, T. K. Satish",M
"Kuo, Chia-Tung",M
"Labrie, Réal",NA
"Lafferty, Lee",NA
"Lam, Wai",M
"Lan, Yanyan",F
"Lecat, Clément",M
"Ledeczi, Akos",M
"Lee, Alex",M
"Lee, Hooyeon",M
"Lee, Jongsun",M
"Lee, Joohyung",M
"Lee, Won-Sook",F
"Lei, Zhixian",M
"Leone, Nicola",M
"Leong, Tze-Yun",F
"Lewenberg, Yoad",M
"Li, Bo",F
"Li, Chao",M
"Li, Chu-Min",NA
"Li, Deying",NA
"Li, Jie",F
"Li, Lei",M
"Li, Linghui",M
"Li, Miaomiao",F
"Li, Nana",F
"Li, Piji",NA
"Li, Qian",F
"Li, Runnan",NA
"Li, Sen",M
"Li, Shuxin",M
"Li, Siyi",M
"Li, Xiangyang",M
"Li, Xiaohong",F
"Li, Yingming",NA
"Li, Zhuoru",M
"Li, Zongpeng",M
"Lian, Defu",M
"Liang, Jian",M
"Liang, Jiaqing",M
"Liao, Minghui",M
"Lim, Joo-Hwee",M
"Lin, Chih-Jen",M
"Lin, Fen",F
"Lin, Hao",M
"Lin, Shaohui",M
"Lin, Xuemin",M
"Ling, Miaogen",M
"Liu, Boying",F
"Liu, Chenxi",M
"Liu, Chuanren",M
"Liu, Fang",F
"Liu, Hanyang",M
"Liu, Hongfu",M
"Liu, Huan",M
"Liu, Jiaming",M
"Liu, Jiamou",M
"Liu, Joey",M
"Liu, Shichen",M
"Liu, Tao",M
"Liu, Xiaofei",F
"Liu, Xiaohua",M
"Liu, Xin",F
"Liu, Yangwei",M
"Liu, Yejun",M
"Liu, Yuan",M
"Liu, Yun-En",M
"Liu, Yuqiong",F
"Liu, Zemin",M
"Lu, Haiping",M
"Lu, Heng-Yang",M
"Lu, Shaowen",F
"Lu, Yao",F
"Luan, Huanbo",M
"Luo, Chuwei",M
"Luo, Luo",NA
"Lv, Qin",F
"Lédeczi, Ákos",M
"Ma, Chang",M
"Ma, Hang",M
"Ma, Huaguan",M
"Ma, Wei-Ying",M
"Ma, Wenjun",M
"Ma, Yifei",M
"Ma, Yihui",F
"Mao, Junhua",M
"Mao, Qi",M
"Mao, Xian-Ling",NA
"Marinescu, Radu",M
"Maroti, Miklos",M
"Marrella, Andrea",M
"Marx, D´Aniel",M
"Mccauley, Renée",F
"Mei, Jing",F
"Micheli, Andrea",M
"Min, Maomao",NA
"Minzer, Dor",M
"Mo, Yuchen",NA
"Morton, Sydney",F
"Mu, Xin",M
"Munnangi, Sai Krishna",M
"Nath, Swaprava",M
"Ng, Hwee Tou",M
"Ngomo, Axel-Cyrille Ngonga",M
"Nguyen, Vu-Linh",M
"Niazadeh, Rad",M
"Nie, Siqi",M
"Niranjan, U N",M
"Niu, Di",M
"Niu, Yulei",M
"Nori, Nozomi",F
"Oh, Sechan",M
"Ouyang, Hua",M
"Pal, Soham",M
"Pan, Rong",M
"Pan, Yin",F
"Parisi, Simone",M
"Park, Haesun",F
"Passerini, Andrea",M
"Pei, Jian",M
"Pei, Mingtao",M
"Peikert, Chris",M
"Peng, Hanyang",M
"Peng, Haoruo",M
"Peng, Xi",M
"Peteranetz, Markeya",F
"Pham, Trang",M
"Piergiovanni, Aj",M
"Plonsky, Ori",M
"Potdar, Saloni",F
"Prakash, B. Aditya",M
"Qi, Dekang",M
"Qian, Hong",M
"Qiao, Yu",M
"Qin, Jing",F
"Qin, Lei",M
"Qin, Lu",M
"Ragonis, Noa",F
"Raja, S.",NA
"Ravi, S. S.",M
"Ravindran, Balaraman",M
"Rivera, Nicolás",NA
"Rolock, Reiny",M
"Romano, Simone",M
"Rong, Jiang",NA
"Rong, Wenge",M
"Roth, Ariel",M
"Safra, Muli",M
"Santo, Rafi",M
"Sastry, P.S.",M
"Scquizzato, Michele",M
"Shang, Li",M
"Shang, Lifeng",M
"Shao, Chao",M
"Shao, Jie",NA
"Shen, Weiwei",M
"Shen, Xu",M
"Shi, Baoxu",M
"Shi, Xiaoshuang",M
"Shi, Ying-Hao",NA
"Shi, Zhongchao",NA
"Shigenaka, Fuuki",M
"Shmallo, Ronit",F
"Singla, Adish",M
"Soh, Leen-Kiat",M
"Sohoni, Sohum",M
"Son, Jeong-Woo",M
"Song, Kun",M
"Song, Sijie",F
"Song, Xiaonan",F
"Song, Yangqiu",M
"Stanic, Bela",F
"Su, Yu",NA
"Sugawara, Saku",M
"Sun, He",NA
"Sun, Le",M
"Sun, Ming",M
"Sun, Quan-Sen",NA
"Sun, Shaoyan",M
"Sun, Xiaoming",M
"Sun, Xiaoxiao",M
"Sun, Zhu",F
"Tan, Ying",F
"Tang, Cai-Zhi",NA
"Tang, Sheng",M
"Tang, Wei",M
"Techapalokul, Peeratham",M
"Tessler, Chen",M
"Thien, Nguyen Duc",M
"Tian, Tian",NA
"Tilevich, Eli",M
"Ting, Kai-Ming",M
"Tran, Trung-Kien",M
"Tran, Truyen",M
"Tu, Kewei",M
"Umans, Chris",M
"Ungar, Lyle",M
"Vanags, Chris",M
"Vanhoven, Miri",F
"Vellukunnel, Mickey",M
"Venkitasubramaniam, Muthuramakrishnan",M
"Vinh, Nguyen Xuan",NA
"V´Egh, L´Aszl´O A.",M
"Walia, Gursimran",M
"Wan, Hai",M
"Wang, Baiyang",M
"Wang, Chong-Jun",M
"Wang, Chu",M
"Wang, Chunyu",M
"Wang, Haixun",M
"Wang, Hongning",M
"Wang, Huazheng",M
"Wang, Jingyuan",M
"Wang, Li",M
"Wang, Qi",F
"Wang, Shuyang",F
"Wang, Sida",M
"Wang, Suhang",M
"Wang, Tianzhu",NA
"Wang, Wenya",F
"Wang, Xiao",M
"Wang, Xiaobao",M
"Wang, Xiaoling",F
"Wang, Xing",M
"Wang, Yali",M
"Wang, Yanfeng",M
"Wang, Yi",F
"Wang, Yilin",M
"Wang, Yingfei",F
"Wang, Yongcai",M
"Wang, Yu-Chiang Frank",M
"Wang, Yueqing",F
"Wang, Yunyun",F
"Wang, Zhong",M
"Wang, Zhongyuan",M
"Wang, Zihe",M
"Wei, Furu",M
"Wei, Si",NA
"Wei, Wei",M
"Wei, Xiaopeng",M
"Wei, Ziheng",M
"Wen, Ji-Rong",M
"Wen, Jirong",M
"Wen, Shilei",M
"Wen, Zeyi",M
"Wenqiang, Zhang",M
"Widman, Sari",F
"Wilson, Nic",M
"Wright, Lacy",NA
"Wu, Chenxu",M
"Wu, Di",F
"Wu, Jia",M
"Wu, Lingyun",M
"Wu, Minghui",M
"Wu, Qingyun",F
"Wu, Shan",NA
"Wu, Wei",M
"Wu, Wei-Chieh",M
"Wu, Yu",M
"Wu, Yuwei",F
"Wu, Zhonghuo",NA
"Xia, Lirong",M
"Xiang, Bing",M
"Xiang, Jinhai",M
"Xiang, Ru",NA
"Xiao, Cao",F
"Xiao, Han",M
"Xiao, Mingyu",M
"Xiao, Yanghua",M
"Xie, Jun-Yuan",M
"Xie, Lu-Yao",NA
"Xie, Ying",F
"Xin, Yang",M
"Xing, Chen",F
"Xiong, Deyi",M
"Xiong, Hao",M
"Xiong, Zhang",M
"Xu, Chen",M
"Xu, Jia",F
"Xu, Kaidi",M
"Xu, Ke",M
"Xu, Wei",F
"Xu, Weidi",M
"Xu, Xiaofei",M
"Xu, Yan",M
"Xue, Hui",M
"Xue, Xiaowei",NA
"Yan, Yan",M
"Yang, Gao",M
"Yang, Hyun Jong",M
"Yang, Jing-Yu",M
"Yang, Jufeng",M
"Yang, Meng",M
"Yang, Ming",M
"Yang, Muyun",M
"Yang, Xiaochun",F
"Yang, Yongxin",M
"Yang, Zhihui",F
"Yang, Zhun",M
"Yao, Jin-Ge",NA
"Yao, Liang",M
"Yao, Min",M
"Yau, Wei-Yun",NA
"Yazdanbod, Sadra",M
"Ye, Xiaojun",M
"Ye, Xuehan",F
"Ye, Yunming Ye",M
"Yeh, Chih-Kuan",NA
"Yi, Zhang",M
"Yikang, Shen",M
"Yin, Haiyan",F
"Yin, Hang",M
"Yin, Jianping",M
"Ying, Jing",M
"Ying, Lei",M
"Yokono, Hikaru",M
"Yong, Jun-Hai",M
"Yong, Luo",M
"Yoo, Suk I.",M
"You, Quanzeng",M
"You, Shan",M
"Yu, Jingcheng",M
"Yu, Lei",M
"Yu, Nengkun",M
"Yu, Tan",M
"Yu, Xiaotian",M
"Yuan, Lingfeng",M
"Zeng, Kuo-Hao",M
"Zeng, Wenjun",M
"Zhai, Feifei",M
"Zhan, De-Chuan",M
"Zhan, Wei",M
"Zhang, Chen",F
"Zhang, Chi",NA
"Zhang, Gong-Duo",M
"Zhang, Jia",F
"Zhang, Jiajun",M
"Zhang, Jialin",NA
"Zhang, Jian",F
"Zhang, Jie",F
"Zhang, Lefei",M
"Zhang, Min",F
"Zhang, Min-Ling",M
"Zhang, Ping",M
"Zhang, Qian",F
"Zhang, Shichao",M
"Zhang, Shiqi",M
"Zhang, Wenjie",F
"Zhang, Xiang",M
"Zhang, Yan",F
"Zhang, Yangyang",M
"Zhang, Yanning",F
"Zhang, Ye",F
"Zhang, Ying",F
"Zhao, An",M
"Zhao, Dengji",M
"Zhao, Ji",M
"Zhao, Mingfei",M
"Zhao, Shen-Yi",M
"Zhao, Siyuan",M
"Zhao, Zhe",M
"Zheng, Qinghua",M
"Zheng, Xiaoqing",M
"Zheng, Yu",M
"Zheng, Zizhan",M
"Zhong, Peilin",M
"Zhong, Yuanyi",M
"Zhou, Chang",M
"Zhou, Chuan",M
"Zhou, Ganbin",M
"Zhou, Huabing",M
"Zhou, Sihang",NA
"Zhou, Suping",F
"Zhou, Tao",M
"Zhou, Yang",NA
"Zhu, Chen",M
"Zhu, En",M
"Zhu, Feida",M
"Zhu, Pinpin",M
"Zhu, Wei",F
"Zhu, Xiaofeng",M
"Zhu, Xiaoke",NA
"Zhu, Yue",M
"Zou, Lei",M
"Zuo, Song",M
"Zuo, Yuan",M
