key,topic
CIDR_17_001,Data
CIDR_17_001,Cloud
CIDR_17_002,Data
CIDR_17_002,DB
CIDR_17_003,Cloud
CIDR_17_003,Data
CIDR_17_004,Data
CIDR_17_005,Data
CIDR_17_006,Data
CIDR_17_007,DB
CIDR_17_008,DB
CIDR_17_008,GPGPU
CIDR_17_009,DB
CIDR_17_010,DB
CIDR_17_011,DB
CIDR_17_011,Network
CIDR_17_012,Cloud
CIDR_17_012,Data
CIDR_17_013,Data
CIDR_17_013,Storage
CIDR_17_014,DB
CIDR_17_015,Data
CIDR_17_016,Data
CIDR_17_017,Data
CIDR_17_018,Data
CIDR_17_019,DB
CIDR_17_019,Security
CIDR_17_020,DB
CIDR_17_021,DB
CIDR_17_021,Concurrency
CIDR_17_022,Concurrency
CIDR_17_023,Concurrency
CIDR_17_024,Data
CIDR_17_025,Data
CIDR_17_026,DB
CIDR_17_026,Concurrency
CIDR_17_027,Data
CIDR_17_028,DB
CIDR_17_029,Cloud
CIDR_17_029,DB
CIDR_17_030,Cloud
CIDR_17_030,Data
CIDR_17_030,Storage
CIDR_17_031,DB
CIDR_17_032,DB
PPoPP_17_001,GPGPU
PPoPP_17_002,Concurrency
PPoPP_17_002,Compilers
PPoPP_17_003,GPGPU
PPoPP_17_004,HPC
PPoPP_17_005,Compilers
PPoPP_17_005,Concurrency
PPoPP_17_006,Concurrency
PPoPP_17_007,Concurrency
PPoPP_17_007,Compilers
PPoPP_17_008,Concurrency
PPoPP_17_009,HPC
PPoPP_17_010,Compilers
PPoPP_17_010,Concurrency
PPoPP_17_011,Concurrency
PPoPP_17_012,Concurrency
PPoPP_17_013,Benchmark
PPoPP_17_013,GPGPU
PPoPP_17_014,Concurrency
PPoPP_17_014,GPGPU
PPoPP_17_015,Benchmark
PPoPP_17_015,GPGPU
PPoPP_17_016,Benchmark
PPoPP_17_016,Concurrency
PPoPP_17_017,Concurrency
PPoPP_17_018,Benchmark
PPoPP_17_018,Concurrency
PPoPP_17_019,Concurrency
PPoPP_17_019,GPGPU
PPoPP_17_020,DB
PPoPP_17_020,Data
PPoPP_17_021,Benchmark
PPoPP_17_021,Concurrency
PPoPP_17_022,Benchmark
PPoPP_17_022,Concurrency
PPoPP_17_023,Benchmark
PPoPP_17_023,Concurrency
PPoPP_17_024,GPGPU
PPoPP_17_025,Concurrency
PPoPP_17_025,Data
PPoPP_17_026,HPC
PPoPP_17_027,Network
PPoPP_17_027,Data
PPoPP_17_027,GPGPU
PPoPP_17_028,HPC
PPoPP_17_028,Concurrency
PPoPP_17_029,Concurrency
HPCA_17_001,GPGPU
HPCA_17_001,Data
HPCA_17_002,Concurrency
HPCA_17_003,Network
HPCA_17_003,Energy
HPCA_17_004,GPGPU
HPCA_17_005,Architecture
HPCA_17_006,Architecture
HPCA_17_007,Architecture
HPCA_17_008,Architecture
HPCA_17_009,Architecture
HPCA_17_009,Energy
HPCA_17_010,Energy
HPCA_17_011,Energy
HPCA_17_011,Cloud
HPCA_17_012,Cloud
HPCA_17_012,Network
HPCA_17_013,Concurrency
HPCA_17_013,Energy
HPCA_17_014,Energy
HPCA_17_014,Architecture
HPCA_17_015,Energy
HPCA_17_016,Benchmark
HPCA_17_016,Architecture
HPCA_17_017,Architecture
HPCA_17_017,Concurrency
HPCA_17_018,Energy
HPCA_17_018,Network
HPCA_17_018,Architecture
HPCA_17_019,Network
HPCA_17_019,Architecture
HPCA_17_020,Network
HPCA_17_020,Architecture
HPCA_17_020,HPC
HPCA_17_021,Architecture
HPCA_17_021,Security
HPCA_17_021,Concurrency
HPCA_17_022,Security
HPCA_17_022,Architecture
HPCA_17_023,Architecture
HPCA_17_023,Cloud
HPCA_17_024,Security
HPCA_17_025,Architecture
HPCA_17_026,Architecture
HPCA_17_027,DB
HPCA_17_027,Storage
HPCA_17_028,Architecture
HPCA_17_028,Storage
HPCA_17_029,Concurrency
HPCA_17_030,Concurrency
HPCA_17_030,Cloud
HPCA_17_031,Concurrency
HPCA_17_032,Architecture
HPCA_17_032,DB
HPCA_17_033,Architecture
HPCA_17_034,Architecture
HPCA_17_034,Data
HPCA_17_035,Network
HPCA_17_036,Architecture
HPCA_17_036,Data
HPCA_17_036,GPGPU
HPCA_17_037,Architecture
HPCA_17_038,Architecture
HPCA_17_038,Network
HPCA_17_039,Architecture
HPCA_17_040,Architecture
HPCA_17_040,Security
HPCA_17_041,Architecture
HPCA_17_041,Data
HPCA_17_042,Data
HPCA_17_042,GPGPU
HPCA_17_042,Architecture
HPCA_17_043,GPGPU
HPCA_17_044,HPC
HPCA_17_044,GPGPU
HPCA_17_044,Architecture
HPCA_17_045,Energy
HPCA_17_045,Architecture
HPCA_17_045,GPGPU
HPCA_17_046,Architecture
HPCA_17_046,Energy
HPCA_17_046,GPGPU
HPCA_17_047,GPGPU
HPCA_17_047,Energy
HPCA_17_047,Architecture
HPCA_17_048,GPGPU
HPCA_17_048,DB
HPCA_17_048,Architecture
HPCA_17_049,Architecture
HPCA_17_049,GPGPU
HPCA_17_050,GPGPU
HPCA_17_050,Concurrency
NDSS_17_001,Security
NDSS_17_001,Storage
NDSS_17_001,DB
NDSS_17_002,Storage
NDSS_17_003,Security
NDSS_17_004,Security
NDSS_17_005,Security
NDSS_17_006,Benchmark
NDSS_17_006,Security
NDSS_17_006,Network
NDSS_17_007,Benchmark
NDSS_17_007,Security
NDSS_17_007,Network
NDSS_17_008,Security
NDSS_17_008,Network
NDSS_17_009,VM
NDSS_17_010,Security
NDSS_17_011,Security
NDSS_17_012,Security
NDSS_17_012,OS
NDSS_17_012,Architecture
NDSS_17_013,Security
NDSS_17_013,Data
NDSS_17_014,Security
NDSS_17_015,Security
NDSS_17_016,Security
NDSS_17_017,Security
NDSS_17_018,Security
NDSS_17_019,Security
NDSS_17_020,Security
NDSS_17_021,Security
NDSS_17_022,Security
NDSS_17_023,Security
NDSS_17_024,Security
NDSS_17_025,Security
NDSS_17_026,Security
NDSS_17_026,OS
NDSS_17_026,Network
NDSS_17_027,Security
NDSS_17_027,Network
NDSS_17_028,Security
NDSS_17_029,Security
NDSS_17_030,Security
NDSS_17_030,Network
NDSS_17_031,Security
NDSS_17_031,Data
NDSS_17_032,Data
NDSS_17_032,Security
NDSS_17_033,Security
NDSS_17_034,Security
NDSS_17_035,Security
NDSS_17_036,Security
NDSS_17_037,Security
NDSS_17_037,Compilers
NDSS_17_038,Security
NDSS_17_039,Security
NDSS_17_039,Compilers
NDSS_17_040,Security
NDSS_17_040,Architecture
NDSS_17_041,Security
NDSS_17_041,Architecture
NDSS_17_042,Security
NDSS_17_042,Cloud
NDSS_17_042,Network
NDSS_17_043,Security
NDSS_17_044,Security
NDSS_17_045,Security
NDSS_17_045,Cloud
NDSS_17_045,Network
NDSS_17_046,Security
NDSS_17_046,Cloud
NDSS_17_047,Security
NDSS_17_047,Cloud
NDSS_17_048,Security
NDSS_17_048,Cloud
NDSS_17_048,Network
NDSS_17_049,Security
NDSS_17_049,Cloud
NDSS_17_050,Security
NDSS_17_050,Architecture
NDSS_17_051,Security
NDSS_17_051,Architecture
NDSS_17_052,Security
NDSS_17_053,Security
NDSS_17_053,Architecture
NDSS_17_054,Security
NDSS_17_054,OS
NDSS_17_055,Security
NDSS_17_055,Architecture
NDSS_17_056,Security
NDSS_17_057,Security
NDSS_17_057,Network
NDSS_17_058,Security
NDSS_17_058,Benchmark
NDSS_17_058,Network
NDSS_17_059,Security
NDSS_17_060,Security
NDSS_17_060,Architecture
NDSS_17_061,Security
NDSS_17_061,OS
NDSS_17_062,Security
NDSS_17_063,Security
NDSS_17_063,OS
NDSS_17_064,Security
NDSS_17_064,OS
NDSS_17_065,Security
NDSS_17_066,Security
NDSS_17_067,Security
NDSS_17_067,Compilers
NDSS_17_068,Security
FAST_17_001,Storage
FAST_17_002,Storage
FAST_17_003,Storage
FAST_17_004,Storage
FAST_17_005,Storage
FAST_17_005,OS
FAST_17_006,Storage
FAST_17_006,Cloud
FAST_17_007,Storage
FAST_17_007,DB
FAST_17_008,Storage
FAST_17_009,Storage
FAST_17_010,Storage
FAST_17_010,Cloud
FAST_17_011,Storage
FAST_17_011,Concurrency
FAST_17_012,Storage
FAST_17_012,Concurrency
FAST_17_013,Storage
FAST_17_014,Storage
FAST_17_015,Storage
FAST_17_015,Cloud
FAST_17_016,Storage
FAST_17_017,Storage
FAST_17_018,Storage
FAST_17_019,Storage
FAST_17_020,Storage
FAST_17_020,Data
FAST_17_021,Storage
FAST_17_021,Network
FAST_17_022,Benchmark
FAST_17_022,Storage
FAST_17_023,Benchmark
FAST_17_023,Storage
FAST_17_024,Benchmark
FAST_17_024,Storage
FAST_17_025,Storage
FAST_17_025,OS
FAST_17_026,Storage
FAST_17_026,VM
FAST_17_027,Storage
FAST_17_027,DB
NSDI_17_001,Network
NSDI_17_001,Storage
NSDI_17_002,Network
NSDI_17_002,Storage
NSDI_17_003,Cloud
NSDI_17_003,Storage
NSDI_17_004,Storage
NSDI_17_004,Network
NSDI_17_005,Network
NSDI_17_006,Network
NSDI_17_006,GPGPU
NSDI_17_007,Network
NSDI_17_008,Network
NSDI_17_008,OS
NSDI_17_009,Network
NSDI_17_009,Security
NSDI_17_010,Security
NSDI_17_010,Network
NSDI_17_011,Security
NSDI_17_011,Network
NSDI_17_012,Network
NSDI_17_013,Network
NSDI_17_014,Network
NSDI_17_015,Security
NSDI_17_015,Data
NSDI_17_016,Security
NSDI_17_016,Data
NSDI_17_017,Security
NSDI_17_017,Data
NSDI_17_018,Network
NSDI_17_018,Cloud
NSDI_17_019,Network
NSDI_17_020,Network
NSDI_17_021,Network
NSDI_17_021,Concurrency
NSDI_17_022,Data
NSDI_17_022,Network
NSDI_17_023,Network
NSDI_17_024,Network
NSDI_17_025,Network
NSDI_17_025,Cloud
NSDI_17_026,Benchmark
NSDI_17_026,Cloud
NSDI_17_026,Network
NSDI_17_027,DB
NSDI_17_027,Network
NSDI_17_028,Cloud
NSDI_17_028,Data
NSDI_17_029,Network
NSDI_17_029,Cloud
NSDI_17_030,Network
NSDI_17_031,Network
NSDI_17_032,Network
NSDI_17_033,Network
NSDI_17_034,Cloud
NSDI_17_035,Network
NSDI_17_036,Cloud
NSDI_17_036,Data
NSDI_17_037,Network
NSDI_17_038,Data
NSDI_17_039,Network
NSDI_17_040,Network
NSDI_17_041,Network
NSDI_17_042,Network
ASPLOS_17_001,Energy
ASPLOS_17_001,Architecture
ASPLOS_17_002,Architecture
ASPLOS_17_002,Cloud
ASPLOS_17_003,OS
ASPLOS_17_005,Architecture
ASPLOS_17_006,Architecture
ASPLOS_17_006,Compilers
ASPLOS_17_007,Architecture
ASPLOS_17_007,OS
ASPLOS_17_008,Architecture
ASPLOS_17_009,Architecture
ASPLOS_17_009,OS
ASPLOS_17_010,Architecture
ASPLOS_17_011,Concurrency
ASPLOS_17_012,GPGPU
ASPLOS_17_012,Concurrency
ASPLOS_17_013,Architecture
ASPLOS_17_013,Compilers
ASPLOS_17_014,Concurrency
ASPLOS_17_014,Architecture
ASPLOS_17_015,Concurrency
ASPLOS_17_015,Architecture
ASPLOS_17_016,Concurrency
ASPLOS_17_017,Concurrency
ASPLOS_17_018,OS
ASPLOS_17_019,Data
ASPLOS_17_019,Concurrency
ASPLOS_17_020,Concurrency
ASPLOS_17_021,GPGPU
ASPLOS_17_023,Concurrency
ASPLOS_17_024,Storage
ASPLOS_17_024,Network
ASPLOS_17_025,Storage
ASPLOS_17_026,Storage
ASPLOS_17_027,Data
ASPLOS_17_028,Data
ASPLOS_17_028,Concurrency
ASPLOS_17_029,Architecture
ASPLOS_17_029,Energy
ASPLOS_17_030,Architecture
ASPLOS_17_030,OS
ASPLOS_17_031,OS
ASPLOS_17_031,Network
ASPLOS_17_032,VM
ASPLOS_17_032,OS
ASPLOS_17_032,Network
ASPLOS_17_033,GPGPU
ASPLOS_17_034,GPGPU
ASPLOS_17_034,Data
ASPLOS_17_035,Architecture
ASPLOS_17_035,Cloud
ASPLOS_17_036,GPGPU
ASPLOS_17_036,OS
ASPLOS_17_037,Security
ASPLOS_17_037,Architecture
ASPLOS_17_038,Security
ASPLOS_17_038,Architecture
ASPLOS_17_039,Compilers
ASPLOS_17_039,Security
ASPLOS_17_040,Architecture
ASPLOS_17_040,Security
ASPLOS_17_041,Cloud
ASPLOS_17_041,Security
ASPLOS_17_042,Cloud
ASPLOS_17_043,OS
ASPLOS_17_044,Architecture
ASPLOS_17_044,Cloud
ASPLOS_17_045,GPGPU
ASPLOS_17_045,Benchmark
ASPLOS_17_045,Architecture
ASPLOS_17_046,Concurrency
ASPLOS_17_046,Cloud
ASPLOS_17_047,Concurrency
ASPLOS_17_048,Compilers
ASPLOS_17_049,Architecture
ASPLOS_17_049,OS
ASPLOS_17_050,Architecture
ASPLOS_17_051,Architecture
ASPLOS_17_051,Data
ASPLOS_17_052,Architecture
ASPLOS_17_053,Architecture
ASPLOS_17_053,Concurrency
ASPLOS_17_054,Network
ASPLOS_17_054,Architecture
ASPLOS_17_055,Storage
ASPLOS_17_055,Energy
ASPLOS_17_056,Architecture
ASPLOS_17_056,Energy
VEE_17_001,VM
VEE_17_002,VM
VEE_17_002,Cloud
VEE_17_003,VM
VEE_17_003,Cloud
VEE_17_004,VM
VEE_17_004,GPGPU
VEE_17_005,GPGPU
VEE_17_005,VM
VEE_17_005,Compilers
VEE_17_006,GPGPU
VEE_17_006,VM
VEE_17_007,VM
VEE_17_008,VM
VEE_17_009,VM
VEE_17_010,VM
VEE_17_010,Security
VEE_17_011,VM
VEE_17_011,Security
VEE_17_012,Security
VEE_17_012,OS
VEE_17_012,Cloud
VEE_17_012,VM
VEE_17_013,VM
VEE_17_013,Storage
VEE_17_014,VM
VEE_17_014,Compilers
VEE_17_015,VM
VEE_17_016,VM
VEE_17_017,VM
VEE_17_017,Network
VEE_17_017,HPC
VEE_17_017,Cloud
VEE_17_018,VM
VEE_17_018,Architecture
ICPE_17_001,Benchmark
ICPE_17_001,Compilers
ICPE_17_002,Benchmark
ICPE_17_002,Energy
ICPE_17_003,Architecture
ICPE_17_004,Benchmark
ICPE_17_004,Architecture
ICPE_17_005,Benchmark
ICPE_17_005,Network
ICPE_17_006,Benchmark
ICPE_17_006,Cloud
ICPE_17_007,Benchmark
ICPE_17_007,Concurrency
ICPE_17_008,Cloud
ICPE_17_008,Network
ICPE_17_009,Benchmark
ICPE_17_009,Network
ICPE_17_010,Benchmark
ICPE_17_010,Cloud
ICPE_17_011,Benchmark
ICPE_17_012,Benchmark
ICPE_17_013,Benchmark
ICPE_17_014,Cloud
ICPE_17_015,Benchmark
ICPE_17_015,Network
ICPE_17_016,Benchmark
ICPE_17_016,Compilers
ICPE_17_017,HPC
ICPE_17_017,Cloud
ICPE_17_018,Benchmark
ICPE_17_018,Concurrency
ICPE_17_019,Concurrency
ICPE_17_019,Compilers
ICPE_17_020,Storage
ICPE_17_021,Concurrency
ICPE_17_022,Benchmark
ICPE_17_022,Network
ICPE_17_023,Benchmark
ICPE_17_023,Cloud
ICPE_17_024,Benchmark
ICPE_17_025,Benchmark
ICPE_17_025,Network
ICPE_17_026,Benchmark
ICPE_17_026,HPC
ICPE_17_027,Benchmark
ICPE_17_027,Compilers
ICPE_17_028,Benchmark
ICPE_17_028,Compilers
ICPE_17_029,Benchmark
ICPE_17_029,Compilers
ISPASS_17_001,Benchmark
ISPASS_17_001,Compilers
ISPASS_17_002,Benchmark
ISPASS_17_002,Concurrency
ISPASS_17_002,Cloud
ISPASS_17_003,Benchmark
ISPASS_17_003,Architecture
ISPASS_17_003,Cloud
ISPASS_17_004,Benchmark
ISPASS_17_004,Energy
ISPASS_17_005,Benchmark
ISPASS_17_005,Architecture
ISPASS_17_006,Architecture
ISPASS_17_006,Network
ISPASS_17_007,Benchmark
ISPASS_17_007,HPC
ISPASS_17_008,Benchmark
ISPASS_17_008,Architecture
ISPASS_17_009,Benchmark
ISPASS_17_010,Architecture
ISPASS_17_010,GPGPU
ISPASS_17_011,Benchmark
ISPASS_17_011,Architecture
ISPASS_17_011,GPGPU
ISPASS_17_012,Benchmark
ISPASS_17_012,GPGPU
ISPASS_17_012,Energy
ISPASS_17_012,Architecture
ISPASS_17_013,Benchmark
ISPASS_17_013,Architecture
ISPASS_17_013,GPGPU
ISPASS_17_014,Architecture
ISPASS_17_014,Concurrency
ISPASS_17_014,HPC
ISPASS_17_015,Benchmark
ISPASS_17_015,Compilers
ISPASS_17_015,Cloud
ISPASS_17_016,Benchmark
ISPASS_17_016,Compilers
ISPASS_17_016,Concurrency
ISPASS_17_017,Storage
ISPASS_17_017,Architecture
ISPASS_17_018,Architecture
ISPASS_17_019,Benchmark
ISPASS_17_019,GPGPU
ISPASS_17_019,Data
ISPASS_17_020,Benchmark
ISPASS_17_020,Architecture
ISPASS_17_020,GPGPU
ISPASS_17_020,VM
ISPASS_17_021,Benchmark
ISPASS_17_021,Architecture
ISPASS_17_022,Benchmark
ISPASS_17_022,Architecture
ISPASS_17_023,Benchmark
ISPASS_17_024,Benchmark
ISPASS_17_024,Architecture
ISPASS_17_024,HPC
EuroSys_17_001,Concurrency
EuroSys_17_002,Concurrency
EuroSys_17_004,Concurrency
EuroSys_17_005,Cloud
EuroSys_17_005,Data
EuroSys_17_007,Concurrency
EuroSys_17_008,Security
EuroSys_17_008,Data
EuroSys_17_009,Cloud
EuroSys_17_009,Concurrency
EuroSys_17_010,Concurrency
EuroSys_17_011,Storage
EuroSys_17_012,Cloud
EuroSys_17_012,Compilers
EuroSys_17_013,Cloud
EuroSys_17_013,Network
EuroSys_17_014,GPGPU
EuroSys_17_015,Benchmark
EuroSys_17_015,Concurrency
EuroSys_17_016,Compilers
EuroSys_17_017,DB
EuroSys_17_017,Cloud
EuroSys_17_017,Concurrency
EuroSys_17_018,Concurrency
EuroSys_17_019,Benchmark
EuroSys_17_019,Cloud
EuroSys_17_020,Architecture
EuroSys_17_020,VM
EuroSys_17_021,Architecture
EuroSys_17_022,Network
EuroSys_17_023,Network
EuroSys_17_023,Concurrency
EuroSys_17_023,DB
EuroSys_17_024,Concurrency
EuroSys_17_025,Concurrency
EuroSys_17_025,DB
EuroSys_17_026,OS
EuroSys_17_027,Benchmark
EuroSys_17_027,Energy
EuroSys_17_028,Storage
EuroSys_17_029,Storage
EuroSys_17_030,Concurrency
EuroSys_17_031,DB
EuroSys_17_031,Concurrency
EuroSys_17_032,Compilers
EuroSys_17_032,OS
EuroSys_17_033,Architecture
EuroSys_17_033,Benchmark
EuroSys_17_033,Network
EuroSys_17_034,HPC
EuroSys_17_035,OS
EuroSys_17_036,Concurrency
EuroSys_17_036,Storage
EuroSys_17_037,OS
EuroSys_17_037,Security
EuroSys_17_038,Security
EuroSys_17_038,OS
EuroSys_17_039,Security
EuroSys_17_039,Concurrency
EuroSys_17_040,OS
EuroSys_17_041,Architecture
EuroSys_17_041,Cloud
HotOS_17_001,OS
HotOS_17_001,Cloud
HotOS_17_002,OS
HotOS_17_002,Cloud
HotOS_17_003,OS
HotOS_17_003,Cloud
HotOS_17_004,Cloud
HotOS_17_004,OS
HotOS_17_005,Data
HotOS_17_005,OS
HotOS_17_006,Data
HotOS_17_006,OS
HotOS_17_007,OS
HotOS_17_007,DB
HotOS_17_008,OS
HotOS_17_008,DB
HotOS_17_009,Storage
HotOS_17_009,OS
HotOS_17_010,OS
HotOS_17_010,GPGPU
HotOS_17_011,OS
HotOS_17_011,Architecture
HotOS_17_012,OS
HotOS_17_012,Architecture
HotOS_17_013,Compilers
HotOS_17_013,OS
HotOS_17_014,OS
HotOS_17_014,Compilers
HotOS_17_015,OS
HotOS_17_015,Compilers
HotOS_17_016,OS
HotOS_17_017,OS
HotOS_17_018,OS
HotOS_17_018,Cloud
HotOS_17_019,OS
HotOS_17_020,OS
HotOS_17_021,OS
HotOS_17_021,Concurrency
HotOS_17_022,OS
HotOS_17_023,OS
HotOS_17_024,OS
HotOS_17_024,Architecture
HotOS_17_025,Storage
HotOS_17_025,OS
HotOS_17_026,Security
HotOS_17_026,OS
HotOS_17_027,OS
HotOS_17_027,Security
HotOS_17_027,DB
HotOS_17_028,Security
HotOS_17_028,OS
HotOS_17_029,OS
HotOS_17_029,Security
HotOS_17_029,Architecture
CCGrid_17_001,Data
CCGrid_17_001,Cloud
CCGrid_17_002,Data
CCGrid_17_003,Cloud
CCGrid_17_003,Data
CCGrid_17_003,Network
CCGrid_17_004,Energy
CCGrid_17_004,Cloud
CCGrid_17_005,Network
CCGrid_17_005,Cloud
CCGrid_17_006,VM
CCGrid_17_006,Storage
CCGrid_17_007,Concurrency
CCGrid_17_008,Cloud
CCGrid_17_008,Data
CCGrid_17_009,Cloud
CCGrid_17_010,VM
CCGrid_17_011,HPC
CCGrid_17_011,OS
CCGrid_17_011,VM
CCGrid_17_012,Network
CCGrid_17_012,HPC
CCGrid_17_013,HPC
CCGrid_17_013,Cloud
CCGrid_17_013,Storage
CCGrid_17_013,Network
CCGrid_17_014,Network
CCGrid_17_014,GPGPU
CCGrid_17_015,HPC
CCGrid_17_015,Network
CCGrid_17_016,Security
CCGrid_17_016,Network
CCGrid_17_016,VM
CCGrid_17_017,Cloud
CCGrid_17_018,Storage
CCGrid_17_018,Concurrency
CCGrid_17_019,Data
CCGrid_17_019,VM
CCGrid_17_020,VM
CCGrid_17_021,OS
CCGrid_17_021,Concurrency
CCGrid_17_022,Network
CCGrid_17_023,Cloud
CCGrid_17_023,OS
CCGrid_17_024,VM
CCGrid_17_024,Cloud
CCGrid_17_025,Data
CCGrid_17_026,Data
CCGrid_17_027,GPGPU
CCGrid_17_027,Data
CCGrid_17_028,OS
CCGrid_17_029,Data
CCGrid_17_029,HPC
CCGrid_17_030,Concurrency
CCGrid_17_030,OS
CCGrid_17_030,Network
CCGrid_17_031,Storage
CCGrid_17_031,Cloud
CCGrid_17_032,Storage
CCGrid_17_032,DB
CCGrid_17_032,OS
CCGrid_17_033,Storage
CCGrid_17_033,Cloud
CCGrid_17_033,DB
CCGrid_17_034,Security
CCGrid_17_034,Cloud
CCGrid_17_035,Cloud
CCGrid_17_035,Data
CCGrid_17_036,Network
CCGrid_17_036,HPC
CCGrid_17_037,VM
CCGrid_17_037,Energy
CCGrid_17_038,Benchmark
CCGrid_17_038,Network
CCGrid_17_039,Cloud
CCGrid_17_039,OS
CCGrid_17_040,HPC
CCGrid_17_040,Storage
CCGrid_17_041,Energy
CCGrid_17_041,Storage
CCGrid_17_041,Concurrency
CCGrid_17_041,OS
CCGrid_17_042,OS
CCGrid_17_042,Cloud
CCGrid_17_043,VM
CCGrid_17_043,OS
CCGrid_17_044,OS
CCGrid_17_045,HPC
CCGrid_17_045,Energy
CCGrid_17_046,Cloud
CCGrid_17_047,Cloud
CCGrid_17_047,OS
CCGrid_17_047,Network
CCGrid_17_048,Security
CCGrid_17_048,Cloud
CCGrid_17_049,Security
CCGrid_17_049,Cloud
CCGrid_17_050,VM
CCGrid_17_050,Cloud
CCGrid_17_050,Security
CCGrid_17_051,Security
CCGrid_17_051,Cloud
CCGrid_17_052,Security
CCGrid_17_052,Cloud
CCGrid_17_053,Cloud
CCGrid_17_053,VM
CCGrid_17_054,HPC
CCGrid_17_054,Data
CCGrid_17_055,HPC
CCGrid_17_056,HPC
CCGrid_17_056,Data
CCGrid_17_057,Data
CCGrid_17_057,Concurrency
CCGrid_17_058,Concurrency
CCGrid_17_058,Cloud
CCGrid_17_059,Concurrency
CCGrid_17_059,HPC
CCGrid_17_060,HPC
CCGrid_17_060,OS
CCGrid_17_061,Data
CCGrid_17_061,OS
CCGrid_17_062,Cloud
CCGrid_17_062,OS
CCGrid_17_063,OS
CCGrid_17_063,Cloud
CCGrid_17_064,Data
CCGrid_17_064,Cloud
CCGrid_17_065,Energy
CCGrid_17_066,HPC
CCGrid_17_066,Benchmark
CCGrid_17_066,Cloud
CCGrid_17_067,Cloud
CCGrid_17_068,Cloud
CCGrid_17_069,Energy
CCGrid_17_070,VM
CCGrid_17_070,OS
CCGrid_17_071,OS
CCGrid_17_071,Cloud
CCGrid_17_072,Cloud
CCGrid_17_072,VM
CCGrid_17_072,Security
SIGMOD_17_001,DB
SIGMOD_17_001,Concurrency
SIGMOD_17_002,Concurrency
SIGMOD_17_002,DB
SIGMOD_17_003,DB
SIGMOD_17_004,DB
SIGMOD_17_004,Data
SIGMOD_17_005,DB
SIGMOD_17_006,DB
SIGMOD_17_007,DB
SIGMOD_17_008,DB
SIGMOD_17_008,Concurrency
SIGMOD_17_009,DB
SIGMOD_17_010,DB
SIGMOD_17_010,Cloud
SIGMOD_17_011,Data
SIGMOD_17_011,HPC
SIGMOD_17_011,DB
SIGMOD_17_012,Data
SIGMOD_17_012,DB
SIGMOD_17_013,DB
SIGMOD_17_014,DB
SIGMOD_17_015,DB
SIGMOD_17_015,Concurrency
SIGMOD_17_016,DB
SIGMOD_17_017,DB
SIGMOD_17_018,DB
SIGMOD_17_018,Data
SIGMOD_17_019,DB
SIGMOD_17_019,Data
SIGMOD_17_019,Concurrency
SIGMOD_17_020,DB
SIGMOD_17_021,DB
SIGMOD_17_022,Security
SIGMOD_17_022,DB
SIGMOD_17_023,DB
SIGMOD_17_024,DB
SIGMOD_17_024,Concurrency
SIGMOD_17_025,DB
SIGMOD_17_026,DB
SIGMOD_17_027,DB
SIGMOD_17_027,Security
SIGMOD_17_028,Architecture
SIGMOD_17_028,DB
SIGMOD_17_029,DB
SIGMOD_17_030,DB
SIGMOD_17_030,Security
SIGMOD_17_031,DB
SIGMOD_17_032,DB
SIGMOD_17_032,Data
SIGMOD_17_033,DB
SIGMOD_17_034,DB
SIGMOD_17_035,DB
SIGMOD_17_036,DB
SIGMOD_17_036,GPGPU
SIGMOD_17_037,DB
SIGMOD_17_038,DB
SIGMOD_17_039,DB
SIGMOD_17_039,Architecture
SIGMOD_17_040,DB
SIGMOD_17_040,Storage
SIGMOD_17_041,DB
SIGMOD_17_042,DB
SIGMOD_17_043,DB
SIGMOD_17_043,Compilers
SIGMOD_17_044,DB
SIGMOD_17_044,Concurrency
SIGMOD_17_044,GPGPU
SIGMOD_17_045,DB
SIGMOD_17_046,DB
SIGMOD_17_047,DB
SIGMOD_17_048,DB
SIGMOD_17_048,Data
SIGMOD_17_049,DB
SIGMOD_17_050,DB
SIGMOD_17_050,Concurrency
SIGMOD_17_051,DB
SIGMOD_17_052,DB
SIGMOD_17_053,DB
SIGMOD_17_053,Data
SIGMOD_17_054,DB
SIGMOD_17_054,Concurrency
SIGMOD_17_055,DB
SIGMOD_17_055,Benchmark
SIGMOD_17_056,DB
SIGMOD_17_057,DB
SIGMOD_17_057,Concurrency
SIGMOD_17_058,DB
SIGMOD_17_059,DB
SIGMOD_17_060,DB
SIGMOD_17_061,DB
SIGMOD_17_062,DB
SIGMOD_17_062,Storage
SIGMOD_17_063,DB
SIGMOD_17_064,DB
SIGMOD_17_064,Security
SIGMOD_17_065,DB
SIGMOD_17_066,DB
SIGMOD_17_067,DB
SIGMOD_17_068,DB
SIGMOD_17_068,Data
SIGMOD_17_069,DB
SIGMOD_17_069,Concurrency
SIGMOD_17_070,DB
SIGMOD_17_070,Concurrency
SIGMOD_17_071,DB
SIGMOD_17_072,DB
SIGMOD_17_072,Benchmark
SIGMOD_17_072,Security
SIGMOD_17_073,DB
SIGMOD_17_074,DB
SIGMOD_17_075,DB
SIGMOD_17_076,DB
SIGMOD_17_076,Concurrency
SIGMOD_17_077,DB
SIGMOD_17_078,DB
SIGMOD_17_078,HPC
SIGMOD_17_079,DB
SIGMOD_17_080,DB
SIGMOD_17_081,DB
SIGMOD_17_081,Data
SIGMOD_17_082,DB
SIGMOD_17_082,GPGPU
SIGMOD_17_083,DB
SIGMOD_17_084,DB
SIGMOD_17_085,DB
SIGMOD_17_086,DB
SIGMOD_17_086,Security
SIGMOD_17_087,DB
SIGMOD_17_087,Concurrency
SIGMOD_17_087,HPC
SIGMOD_17_088,DB
SIGMOD_17_089,DB
SIGMOD_17_090,DB
SIGMOD_17_091,DB
SIGMOD_17_092,DB
SIGMOD_17_093,DB
SIGMOD_17_094,DB
SIGMOD_17_095,DB
SIGMOD_17_095,Storage
SIGMOD_17_096,DB
SIGMOD_17_096,Security
PODS_17_001,DB
PODS_17_002,DB
PODS_17_002,Concurrency
PODS_17_003,DB
PODS_17_004,DB
PODS_17_005,DB
PODS_17_006,DB
PODS_17_007,DB
PODS_17_008,DB
PODS_17_008,Security
PODS_17_009,DB
PODS_17_009,Benchmark
PODS_17_010,DB
PODS_17_010,Data
PODS_17_011,DB
PODS_17_012,DB
PODS_17_012,Concurrency
PODS_17_013,DB
PODS_17_014,DB
PODS_17_015,DB
PODS_17_016,DB
PODS_17_017,DB
PODS_17_018,DB
PODS_17_018,Concurrency
PODS_17_019,DB
PODS_17_020,DB
PODS_17_021,DB
PODS_17_022,DB
PODS_17_023,DB
PODS_17_024,DB
PODS_17_025,DB
PODS_17_025,Storage
PODS_17_026,DB
PODS_17_027,DB
PODS_17_027,HPC
PODS_17_027,Concurrency
PODS_17_028,DB
PODS_17_028,Compilers
PODS_17_029,DB
SYSTOR_17_001,Storage
SYSTOR_17_002,DB
SYSTOR_17_003,Storage
SYSTOR_17_004,GPGPU
SYSTOR_17_005,GPGPU
SYSTOR_17_005,Storage
SYSTOR_17_006,Benchmark
SYSTOR_17_007,Storage
SYSTOR_17_008,Storage
SYSTOR_17_008,Network
SYSTOR_17_009,GPGPU
SYSTOR_17_010,Storage
SYSTOR_17_010,VM
SYSTOR_17_011,Security
SYSTOR_17_011,Storage
SYSTOR_17_012,OS
SYSTOR_17_013,OS
SYSTOR_17_013,Concurrency
SYSTOR_17_014,Storage
SYSTOR_17_014,Network
SYSTOR_17_015,OS
SYSTOR_17_016,Cloud
HCW_17_001,GPGPU
HCW_17_002,GPGPU
HCW_17_003,GPGPU
HCW_17_003,Storage
HCW_17_004,GPGPU
HCW_17_004,OS
HCW_17_005,GPGPU
HCW_17_005,OS
HCW_17_006,GPGPU
HCW_17_006,Benchmark
HCW_17_006,OS
HCW_17_006,Architecture
HCW_17_007,OS
IPDPS_17_001,Concurrency
IPDPS_17_002,Concurrency
IPDPS_17_003,Concurrency
IPDPS_17_004,Concurrency
IPDPS_17_005,Concurrency
IPDPS_17_005,HPC
IPDPS_17_006,Concurrency
IPDPS_17_006,HPC
IPDPS_17_007,Concurrency
IPDPS_17_007,HPC
IPDPS_17_008,GPGPU
IPDPS_17_008,HPC
IPDPS_17_009,GPGPU
IPDPS_17_010,Concurrency
IPDPS_17_011,Storage
IPDPS_17_012,Storage
IPDPS_17_013,VM
IPDPS_17_013,Cloud
IPDPS_17_014,Cloud
IPDPS_17_014,OS
IPDPS_17_015,VM
IPDPS_17_015,Network
IPDPS_17_016,OS
IPDPS_17_016,HPC
IPDPS_17_017,Concurrency
IPDPS_17_017,OS
IPDPS_17_018,Concurrency
IPDPS_17_018,Network
IPDPS_17_019,Concurrency
IPDPS_17_020,OS
IPDPS_17_021,Concurrency
IPDPS_17_022,Concurrency
IPDPS_17_022,HPC
IPDPS_17_023,HPC
IPDPS_17_023,GPGPU
IPDPS_17_024,HPC
IPDPS_17_024,Concurrency
IPDPS_17_025,OS
IPDPS_17_025,Architecture
IPDPS_17_025,Concurrency
IPDPS_17_025,Compilers
IPDPS_17_026,Data
IPDPS_17_026,Concurrency
IPDPS_17_026,Architecture
IPDPS_17_027,Concurrency
IPDPS_17_027,Architecture
IPDPS_17_028,Data
IPDPS_17_029,HPC
IPDPS_17_029,Data
IPDPS_17_030,Concurrency
IPDPS_17_031,Compilers
IPDPS_17_032,Benchmark
IPDPS_17_032,Concurrency
IPDPS_17_033,Network
IPDPS_17_034,Network
IPDPS_17_035,Network
IPDPS_17_036,OS
IPDPS_17_036,Concurrency
IPDPS_17_037,Architecture
IPDPS_17_037,Data
IPDPS_17_038,Benchmark
IPDPS_17_038,Compilers
IPDPS_17_039,Concurrency
IPDPS_17_040,Concurrency
IPDPS_17_041,Concurrency
IPDPS_17_042,Network
IPDPS_17_042,Cloud
IPDPS_17_043,Architecture
IPDPS_17_043,Network
IPDPS_17_044,Network
IPDPS_17_044,OS
IPDPS_17_045,Data
IPDPS_17_045,Network
IPDPS_17_046,Data
IPDPS_17_046,OS
IPDPS_17_047,Concurrency
IPDPS_17_048,GPGPU
IPDPS_17_048,Data
IPDPS_17_049,Data
IPDPS_17_050,Concurrency
IPDPS_17_051,Concurrency
IPDPS_17_052,Concurrency
IPDPS_17_053,HPC
IPDPS_17_054,GPGPU
IPDPS_17_055,HPC
IPDPS_17_056,Security
IPDPS_17_056,Concurrency
IPDPS_17_057,GPGPU
IPDPS_17_058,Storage
IPDPS_17_058,Benchmark
IPDPS_17_059,Benchmark
IPDPS_17_059,Data
IPDPS_17_060,Concurrency
IPDPS_17_060,Data
IPDPS_17_061,Data
IPDPS_17_062,GPGPU
IPDPS_17_063,Data
IPDPS_17_064,Data
IPDPS_17_065,HPC
IPDPS_17_066,HPC
IPDPS_17_067,Concurrency
IPDPS_17_067,HPC
IPDPS_17_068,Concurrency
IPDPS_17_068,HPC
IPDPS_17_069,Energy
IPDPS_17_069,GPGPU
IPDPS_17_070,Energy
IPDPS_17_070,Network
IPDPS_17_071,Energy
IPDPS_17_071,Network
IPDPS_17_071,Cloud
IPDPS_17_072,Energy
IPDPS_17_072,OS
IPDPS_17_072,HPC
IPDPS_17_073,OS
IPDPS_17_073,Concurrency
IPDPS_17_074,OS
IPDPS_17_074,Concurrency
IPDPS_17_075,OS
IPDPS_17_076,OS
IPDPS_17_076,GPGPU
IPDPS_17_076,Concurrency
IPDPS_17_077,Compilers
IPDPS_17_078,Concurrency
IPDPS_17_078,GPGPU
IPDPS_17_079,Concurrency
IPDPS_17_080,Concurrency
IPDPS_17_081,Concurrency
IPDPS_17_082,GPGPU
IPDPS_17_083,Network
IPDPS_17_084,Network
IPDPS_17_084,Concurrency
IPDPS_17_085,GPGPU
IPDPS_17_085,Data
IPDPS_17_086,Data
IPDPS_17_086,Storage
IPDPS_17_086,Concurrency
IPDPS_17_087,Concurrency
IPDPS_17_087,HPC
IPDPS_17_088,HPC
IPDPS_17_089,Concurrency
IPDPS_17_090,Concurrency
IPDPS_17_091,Concurrency
IPDPS_17_092,Concurrency
IPDPS_17_092,Network
IPDPS_17_093,Energy
IPDPS_17_093,Concurrency
IPDPS_17_094,Energy
IPDPS_17_094,OS
IPDPS_17_095,OS
IPDPS_17_095,Energy
IPDPS_17_095,GPGPU
IPDPS_17_096,Energy
IPDPS_17_096,Benchmark
IPDPS_17_096,HPC
IPDPS_17_097,Network
IPDPS_17_098,Network
IPDPS_17_099,Network
IPDPS_17_100,Network
IPDPS_17_101,Data
IPDPS_17_102,HPC
IPDPS_17_103,HPC
IPDPS_17_104,HPC
IPDPS_17_105,Network
IPDPS_17_106,Data
IPDPS_17_107,OS
IPDPS_17_107,Data
IPDPS_17_108,Data
IPDPS_17_108,HPC
IPDPS_17_109,Data
IPDPS_17_109,Storage
IPDPS_17_110,GPGPU
IPDPS_17_111,HPC
IPDPS_17_112,Compilers
IPDPS_17_113,Concurrency
IPDPS_17_113,Storage
IPDPS_17_114,Compilers
IPDPS_17_114,Storage
IPDPS_17_115,Data
IPDPS_17_116,Concurrency
IPDPS_17_116,Compilers
IPDPS_17_116,Storage
IPDPS_17_116,OS
SIGMETRICS_17_001,Concurrency
SIGMETRICS_17_002,Cloud
SIGMETRICS_17_002,Concurrency
SIGMETRICS_17_003,OS
SIGMETRICS_17_003,Network
SIGMETRICS_17_004,Data
SIGMETRICS_17_005,Concurrency
SIGMETRICS_17_006,Cloud
SIGMETRICS_17_006,OS
SIGMETRICS_17_007,Network
SIGMETRICS_17_007,Security
SIGMETRICS_17_008,Benchmark
SIGMETRICS_17_009,Security
SIGMETRICS_17_012,Concurrency
SIGMETRICS_17_012,Storage
SIGMETRICS_17_013,Energy
SIGMETRICS_17_013,Benchmark
SIGMETRICS_17_014,Storage
SIGMETRICS_17_015,Architecture
SIGMETRICS_17_016,Data
SIGMETRICS_17_016,Network
SIGMETRICS_17_017,Cloud
SIGMETRICS_17_018,Security
SIGMETRICS_17_019,OS
SIGMETRICS_17_019,Cloud
SIGMETRICS_17_020,Cloud
SIGMETRICS_17_021,Network
SIGMETRICS_17_021,Cloud
SIGMETRICS_17_022,Cloud
SIGMETRICS_17_022,Network
SIGMETRICS_17_023,Benchmark
SIGMETRICS_17_024,Network
SIGMETRICS_17_025,Energy
SIGMETRICS_17_025,Network
SIGMETRICS_17_026,Network
SIGMETRICS_17_027,Energy
ISC_17_001,HPC
ISC_17_002,HPC
ISC_17_003,HPC
ISC_17_004,HPC
ISC_17_005,HPC
ISC_17_005,Concurrency
ISC_17_006,HPC
ISC_17_006,GPGPU
ISC_17_007,HPC
ISC_17_007,Data
ISC_17_008,HPC
ISC_17_009,HPC
ISC_17_010,HPC
ISC_17_011,HPC
ISC_17_011,GPGPU
ISC_17_011,Benchmark
ISC_17_012,HPC
ISC_17_012,Network
ISC_17_013,HPC
ISC_17_014,HPC
ISC_17_014,Benchmark
ISC_17_015,HPC
ISC_17_016,HPC
ISC_17_016,Benchmark
ISC_17_016,Architecture
ISC_17_017,Storage
ISC_17_017,HPC
ISC_17_018,HPC
ISC_17_018,Network
ISC_17_019,HPC
ISC_17_020,HPC
ISC_17_020,Architecture
ISC_17_020,Energy
ISC_17_021,HPC
ISC_17_021,Energy
ISC_17_022,HPC
ISC_17_022,Energy
ISCA_17_001,Architecture
ISCA_17_001,Data
ISCA_17_002,Architecture
ISCA_17_002,Data
ISCA_17_003,Architecture
ISCA_17_003,Data
ISCA_17_003,GPGPU
ISCA_17_004,Architecture
ISCA_17_004,Energy
ISCA_17_005,GPGPU
ISCA_17_005,Cloud
ISCA_17_005,Architecture
ISCA_17_006,Architecture
ISCA_17_006,Data
ISCA_17_007,Security
ISCA_17_007,OS
ISCA_17_008,Architecture
ISCA_17_008,Security
ISCA_17_009,Architecture
ISCA_17_009,Security
ISCA_17_010,Energy
ISCA_17_010,Architecture
ISCA_17_011,Architecture
ISCA_17_011,Energy
ISCA_17_012,Architecture
ISCA_17_012,Energy
ISCA_17_013,Architecture
ISCA_17_013,Concurrency
ISCA_17_013,GPGPU
ISCA_17_014,Architecture
ISCA_17_014,Concurrency
ISCA_17_015,Architecture
ISCA_17_016,Architecture
ISCA_17_017,Architecture
ISCA_17_018,Architecture
ISCA_17_019,Architecture
ISCA_17_020,Architecture
ISCA_17_021,Architecture
ISCA_17_021,GPGPU
ISCA_17_022,Architecture
ISCA_17_022,GPGPU
ISCA_17_023,Architecture
ISCA_17_023,GPGPU
ISCA_17_024,Architecture
ISCA_17_024,GPGPU
ISCA_17_025,Architecture
ISCA_17_025,GPGPU
ISCA_17_026,Architecture
ISCA_17_027,Architecture
ISCA_17_027,Security
ISCA_17_028,Architecture
ISCA_17_028,Security
ISCA_17_029,Architecture
ISCA_17_029,GPGPU
ISCA_17_030,Architecture
ISCA_17_030,Concurrency
ISCA_17_031,Architecture
ISCA_17_031,GPGPU
ISCA_17_032,Architecture
ISCA_17_032,Data
ISCA_17_033,Architecture
ISCA_17_033,VM
ISCA_17_034,Architecture
ISCA_17_035,Architecture
ISCA_17_035,VM
ISCA_17_036,Architecture
ISCA_17_036,VM
ISCA_17_037,Architecture
ISCA_17_037,Storage
ISCA_17_037,Compilers
ISCA_17_038,Architecture
ISCA_17_038,Compilers
ISCA_17_039,Architecture
ISCA_17_039,Compilers
ISCA_17_040,Architecture
ISCA_17_040,OS
ISCA_17_040,GPGPU
ISCA_17_041,Architecture
ISCA_17_041,Data
ISCA_17_041,OS
ISCA_17_042,Architecture
ISCA_17_042,Data
ISCA_17_042,Concurrency
ISCA_17_043,Architecture
ISCA_17_043,Data
ISCA_17_044,Architecture
ISCA_17_044,GPGPU
ISCA_17_045,Architecture
ISCA_17_045,Concurrency
ISCA_17_046,Architecture
ISCA_17_046,Concurrency
ISCA_17_047,Architecture
ISCA_17_048,Architecture
ISCA_17_049,Architecture
ISCA_17_049,Data
ISCA_17_050,Architecture
ISCA_17_051,Architecture
ISCA_17_051,Network
ISCA_17_052,Architecture
ISCA_17_052,Network
ISCA_17_053,Architecture
ISCA_17_053,Network
ISCA_17_054,Architecture
ISCA_17_054,Concurrency
ISCA_17_054,Network
CLOUD_17_001,Cloud
CLOUD_17_001,OS
CLOUD_17_002,Network
CLOUD_17_002,Cloud
CLOUD_17_003,Network
CLOUD_17_003,Cloud
CLOUD_17_004,Cloud
CLOUD_17_004,Storage
CLOUD_17_005,Cloud
CLOUD_17_005,Storage
CLOUD_17_005,OS
CLOUD_17_006,Cloud
CLOUD_17_006,Storage
CLOUD_17_007,Cloud
CLOUD_17_007,Security
CLOUD_17_008,Cloud
CLOUD_17_008,Security
CLOUD_17_009,Security
CLOUD_17_009,Cloud
CLOUD_17_010,Cloud
CLOUD_17_010,Data
CLOUD_17_011,Cloud
CLOUD_17_011,Benchmark
CLOUD_17_011,Data
CLOUD_17_012,Cloud
CLOUD_17_012,Data
CLOUD_17_013,Cloud
CLOUD_17_013,GPGPU
CLOUD_17_013,Data
CLOUD_17_014,Cloud
CLOUD_17_014,Data
CLOUD_17_014,DB
CLOUD_17_015,Cloud
CLOUD_17_016,Cloud
CLOUD_17_017,Cloud
CLOUD_17_017,Network
CLOUD_17_018,Cloud
CLOUD_17_018,OS
CLOUD_17_019,Cloud
CLOUD_17_019,OS
CLOUD_17_019,Network
CLOUD_17_019,Storage
CLOUD_17_020,Cloud
CLOUD_17_020,Security
CLOUD_17_021,HPC
CLOUD_17_021,Cloud
CLOUD_17_021,Data
CLOUD_17_022,Cloud
CLOUD_17_023,Cloud
CLOUD_17_023,Benchmark
CLOUD_17_023,Network
CLOUD_17_024,Benchmark
CLOUD_17_024,Energy
CLOUD_17_024,Cloud
CLOUD_17_025,Cloud
CLOUD_17_025,Energy
CLOUD_17_026,Benchmark
CLOUD_17_026,Cloud
CLOUD_17_027,Cloud
CLOUD_17_027,VM
CLOUD_17_028,Cloud
CLOUD_17_028,Network
CLOUD_17_029,Storage
CLOUD_17_029,VM
CLOUD_17_029,Cloud
HPDC_17_001,HPC
HPDC_17_001,OS
HPDC_17_002,HPC
HPDC_17_002,OS
HPDC_17_003,Network
HPDC_17_003,Storage
HPDC_17_003,HPC
HPDC_17_004,Storage
HPDC_17_004,HPC
HPDC_17_005,HPC
HPDC_17_005,Data
HPDC_17_006,HPC
HPDC_17_006,Concurrency
HPDC_17_007,HPC
HPDC_17_007,Concurrency
HPDC_17_008,HPC
HPDC_17_008,Concurrency
HPDC_17_009,HPC
HPDC_17_009,Data
HPDC_17_009,Security
HPDC_17_010,HPC
HPDC_17_010,Security
HPDC_17_011,HPC
HPDC_17_012,HPC
HPDC_17_012,Data
HPDC_17_013,Benchmark
HPDC_17_013,HPC
HPDC_17_014,Cloud
HPDC_17_014,Benchmark
HPDC_17_015,Storage
HPDC_17_015,Benchmark
HPDC_17_015,HPC
HPDC_17_016,Network
HPDC_17_016,Benchmark
HPDC_17_017,Concurrency
HPDC_17_018,Data
HPDC_17_018,Concurrency
HPDC_17_019,HPC
HPDC_17_019,Concurrency
HotCloud_17_001,Cloud
HotCloud_17_001,Data
HotCloud_17_001,OS
HotCloud_17_002,Cloud
HotCloud_17_002,Data
HotCloud_17_003,Cloud
HotCloud_17_003,VM
HotCloud_17_004,Cloud
HotCloud_17_004,Compilers
HotCloud_17_005,Cloud
HotCloud_17_005,Benchmark
HotCloud_17_006,Cloud
HotCloud_17_006,Energy
HotCloud_17_007,Cloud
HotCloud_17_007,GPGPU
HotCloud_17_007,OS
HotCloud_17_008,GPGPU
HotCloud_17_008,Cloud
HotCloud_17_008,VM
HotCloud_17_009,Cloud
HotCloud_17_010,Cloud
HotCloud_17_011,Cloud
HotCloud_17_011,Security
HotCloud_17_012,Cloud
HotCloud_17_012,VM
HotCloud_17_013,Cloud
HotCloud_17_014,Cloud
HotCloud_17_015,Cloud
HotCloud_17_015,Network
HotCloud_17_016,Cloud
HotCloud_17_016,Network
HotCloud_17_017,Cloud
HotCloud_17_017,Network
HotCloud_17_018,Cloud
HotCloud_17_018,Security
HotCloud_17_019,Cloud
HotCloud_17_019,Security
HotStorage_17_001,Storage
HotStorage_17_001,Cloud
HotStorage_17_002,Storage
HotStorage_17_002,Cloud
HotStorage_17_003,Storage
HotStorage_17_003,DB
HotStorage_17_004,Storage
HotStorage_17_005,Storage
HotStorage_17_006,Storage
HotStorage_17_006,Benchmark
HotStorage_17_007,Storage
HotStorage_17_007,Benchmark
HotStorage_17_008,Storage
HotStorage_17_009,Storage
HotStorage_17_009,Energy
HotStorage_17_010,Storage
HotStorage_17_010,Security
HotStorage_17_011,Storage
HotStorage_17_012,Storage
HotStorage_17_013,Storage
HotStorage_17_014,Storage
HotStorage_17_015,Storage
HotStorage_17_016,Storage
HotStorage_17_016,OS
HotStorage_17_017,Concurrency
HotStorage_17_017,OS
HotStorage_17_017,DB
HotStorage_17_018,Storage
HotStorage_17_019,Storage
HotStorage_17_020,Storage
HotStorage_17_021,Storage
HotStorage_17_021,HPC
HotStorage_17_021,Data
ATC_17_001,OS
ATC_17_001,Security
ATC_17_002,OS
ATC_17_003,OS
ATC_17_004,Storage
ATC_17_004,OS
ATC_17_005,OS
ATC_17_005,Network
ATC_17_006,Cloud
ATC_17_006,Network
ATC_17_007,Concurrency
ATC_17_007,DB
ATC_17_008,Concurrency
ATC_17_008,OS
ATC_17_009,Cloud
ATC_17_009,Network
ATC_17_010,Data
ATC_17_010,Storage
ATC_17_011,Network
ATC_17_012,Data
ATC_17_012,HPC
ATC_17_013,OS
ATC_17_013,Storage
ATC_17_013,GPGPU
ATC_17_014,Concurrency
ATC_17_014,Data
ATC_17_014,GPGPU
ATC_17_014,Network
ATC_17_015,GPGPU
ATC_17_015,Data
ATC_17_016,GPGPU
ATC_17_017,OS
ATC_17_017,VM
ATC_17_018,OS
ATC_17_018,VM
ATC_17_019,VM
ATC_17_019,OS
ATC_17_020,VM
ATC_17_020,Concurrency
ATC_17_021,Security
ATC_17_022,Security
ATC_17_023,Security
ATC_17_023,OS
ATC_17_024,Security
ATC_17_024,VM
ATC_17_024,Cloud
ATC_17_025,DB
ATC_17_026,DB
ATC_17_026,Concurrency
ATC_17_027,Storage
ATC_17_027,DB
ATC_17_028,Storage
ATC_17_028,DB
ATC_17_029,OS
ATC_17_029,Compilers
ATC_17_030,Storage
ATC_17_030,Security
ATC_17_031,Compilers
ATC_17_032,Compilers
ATC_17_033,Network
ATC_17_033,OS
ATC_17_034,Network
ATC_17_035,Network
ATC_17_035,GPGPU
ATC_17_036,Cloud
ATC_17_036,Security
ATC_17_036,Network
ATC_17_036,VM
ATC_17_037,Benchmark
ATC_17_038,Cloud
ATC_17_039,Cloud
ATC_17_039,Data
ATC_17_039,OS
ATC_17_040,Compilers
ATC_17_041,Cloud
ATC_17_041,Storage
ATC_17_042,Storage
ATC_17_042,Cloud
ATC_17_043,Storage
ATC_17_044,Storage
ATC_17_045,Energy
ATC_17_045,Concurrency
ATC_17_046,Concurrency
ATC_17_047,Concurrency
ATC_17_047,Data
ATC_17_048,Concurrency
ATC_17_048,Data
ATC_17_049,OS
ATC_17_049,Security
ATC_17_050,Security
ATC_17_050,Data
ATC_17_051,Security
ATC_17_051,Network
ATC_17_052,Security
ATC_17_052,OS
ATC_17_053,Storage
ATC_17_053,Architecture
ATC_17_054,Storage
ATC_17_055,Storage
ATC_17_055,VM
ATC_17_056,OS
ATC_17_056,Cloud
ATC_17_056,Data
ATC_17_057,Storage
ATC_17_058,Storage
ATC_17_058,Concurrency
ATC_17_059,Storage
ATC_17_059,OS
ATC_17_060,Storage
ATC_17_060,Concurrency
SPAA_17_001,Concurrency
SPAA_17_003,Concurrency
SPAA_17_003,Network
SPAA_17_004,Energy
SPAA_17_004,Cloud
SPAA_17_005,Network
SPAA_17_005,Concurrency
SPAA_17_005,HPC
SPAA_17_006,OS
SPAA_17_006,Concurrency
SPAA_17_007,Network
SPAA_17_007,Concurrency
SPAA_17_008,HPC
SPAA_17_009,OS
SPAA_17_009,Concurrency
SPAA_17_011,OS
SPAA_17_011,Concurrency
SPAA_17_012,Concurrency
SPAA_17_012,Data
SPAA_17_013,Data
SPAA_17_013,OS
SPAA_17_013,Concurrency
SPAA_17_015,Concurrency
SPAA_17_016,Concurrency
SPAA_17_016,OS
SPAA_17_018,Concurrency
SPAA_17_019,Concurrency
SPAA_17_020,Concurrency
SPAA_17_021,Network
SPAA_17_022,Concurrency
SPAA_17_022,OS
SPAA_17_023,HPC
SPAA_17_023,Concurrency
SPAA_17_024,Concurrency
SPAA_17_024,HPC
SPAA_17_025,HPC
SPAA_17_026,Concurrency
SPAA_17_027,Architecture
SPAA_17_028,Network
SPAA_17_030,OS
SPAA_17_030,HPC
SPAA_17_031,Concurrency
PODC_17_001,Network
PODC_17_001,Concurrency
PODC_17_002,Network
PODC_17_003,Network
PODC_17_004,Network
PODC_17_005,Concurrency
PODC_17_006,Concurrency
PODC_17_007,Storage
PODC_17_007,Concurrency
PODC_17_008,DB
PODC_17_008,Concurrency
PODC_17_009,Concurrency
PODC_17_010,Concurrency
PODC_17_011,Network
PODC_17_011,Concurrency
PODC_17_013,Concurrency
PODC_17_014,Concurrency
PODC_17_014,Network
PODC_17_015,Concurrency
PODC_17_015,Network
PODC_17_016,Concurrency
PODC_17_017,Concurrency
PODC_17_017,HPC
PODC_17_018,Concurrency
PODC_17_019,Concurrency
PODC_17_020,Concurrency
PODC_17_021,Concurrency
PODC_17_022,Concurrency
PODC_17_023,Concurrency
PODC_17_024,Concurrency
PODC_17_025,Concurrency
PODC_17_025,OS
PODC_17_026,Concurrency
PODC_17_027,Concurrency
PODC_17_028,Security
PODC_17_028,Concurrency
PODC_17_029,Concurrency
PODC_17_030,Concurrency
PODC_17_031,Concurrency
PODC_17_032,Concurrency
PODC_17_032,Network
PODC_17_033,Network
PODC_17_034,Network
PODC_17_035,Concurrency
PODC_17_038,Network
ICPP_17_001,HPC
ICPP_17_002,Data
ICPP_17_002,Concurrency
ICPP_17_003,Concurrency
ICPP_17_003,HPC
ICPP_17_004,Data
ICPP_17_004,HPC
ICPP_17_005,GPGPU
ICPP_17_005,Data
ICPP_17_006,OS
ICPP_17_006,HPC
ICPP_17_007,OS
ICPP_17_007,Concurrency
ICPP_17_008,Concurrency
ICPP_17_008,OS
ICPP_17_009,Concurrency
ICPP_17_010,HPC
ICPP_17_011,HPC
ICPP_17_011,GPGPU
ICPP_17_012,HPC
ICPP_17_013,Data
ICPP_17_014,Network
ICPP_17_015,Network
ICPP_17_016,Network
ICPP_17_016,GPGPU
ICPP_17_017,Network
ICPP_17_017,GPGPU
ICPP_17_017,Data
ICPP_17_018,GPGPU
ICPP_17_018,Network
ICPP_17_019,Data
ICPP_17_020,Concurrency
ICPP_17_021,Data
ICPP_17_021,Network
ICPP_17_021,OS
ICPP_17_021,Concurrency
ICPP_17_022,Storage
ICPP_17_022,Energy
ICPP_17_023,Storage
ICPP_17_024,Storage
ICPP_17_024,Concurrency
ICPP_17_025,Cloud
ICPP_17_025,Storage
ICPP_17_026,HPC
ICPP_17_026,Concurrency
ICPP_17_026,Cloud
ICPP_17_027,Storage
ICPP_17_028,Concurrency
ICPP_17_029,Concurrency
ICPP_17_029,HPC
ICPP_17_030,HPC
ICPP_17_030,Concurrency
ICPP_17_030,Benchmark
ICPP_17_031,Network
ICPP_17_031,Cloud
ICPP_17_032,Network
ICPP_17_033,Network
ICPP_17_034,OS
ICPP_17_034,Cloud
ICPP_17_035,OS
ICPP_17_035,Cloud
ICPP_17_036,Cloud
ICPP_17_036,OS
ICPP_17_037,GPGPU
ICPP_17_037,Concurrency
ICPP_17_038,Data
ICPP_17_038,GPGPU
ICPP_17_038,Concurrency
ICPP_17_039,GPGPU
ICPP_17_040,Data
ICPP_17_041,Storage
ICPP_17_042,Data
ICPP_17_042,Cloud
ICPP_17_043,Concurrency
ICPP_17_043,HPC
ICPP_17_044,HPC
ICPP_17_044,Concurrency
ICPP_17_045,Concurrency
ICPP_17_046,Data
ICPP_17_046,OS
ICPP_17_047,Data
ICPP_17_047,Concurrency
ICPP_17_047,GPGPU
ICPP_17_048,Data
ICPP_17_048,Network
ICPP_17_048,Security
ICPP_17_048,Concurrency
ICPP_17_049,HPC
ICPP_17_050,HPC
ICPP_17_051,HPC
ICPP_17_052,GPGPU
ICPP_17_053,GPGPU
ICPP_17_053,Data
ICPP_17_054,Data
ICPP_17_054,GPGPU
ICPP_17_054,Energy
ICPP_17_055,Concurrency
ICPP_17_055,OS
ICPP_17_055,Energy
ICPP_17_056,HPC
ICPP_17_057,HPC
ICPP_17_058,Storage
ICPP_17_059,HPC
ICPP_17_060,Energy
ICPP_17_060,OS
SIGCOMM_17_001,Network
SIGCOMM_17_001,VM
SIGCOMM_17_002,Network
SIGCOMM_17_003,OS
SIGCOMM_17_003,Network
SIGCOMM_17_004,Network
SIGCOMM_17_005,Security
SIGCOMM_17_005,Network
SIGCOMM_17_006,Network
SIGCOMM_17_006,Security
SIGCOMM_17_007,Network
SIGCOMM_17_008,Network
SIGCOMM_17_009,Network
SIGCOMM_17_010,Network
SIGCOMM_17_011,Network
SIGCOMM_17_012,Network
SIGCOMM_17_012,Energy
SIGCOMM_17_013,Network
SIGCOMM_17_013,Security
SIGCOMM_17_014,Network
SIGCOMM_17_014,Architecture
SIGCOMM_17_015,Network
SIGCOMM_17_015,OS
SIGCOMM_17_016,Network
SIGCOMM_17_016,Architecture
SIGCOMM_17_017,Network
SIGCOMM_17_018,Network
SIGCOMM_17_019,Network
SIGCOMM_17_020,Network
SIGCOMM_17_021,Network
SIGCOMM_17_021,Architecture
SIGCOMM_17_022,Network
SIGCOMM_17_022,OS
SIGCOMM_17_022,Architecture
SIGCOMM_17_023,Network
SIGCOMM_17_024,Network
SIGCOMM_17_025,Network
SIGCOMM_17_025,OS
SIGCOMM_17_026,Network
SIGCOMM_17_026,OS
SIGCOMM_17_026,Storage
SIGCOMM_17_026,Security
SIGCOMM_17_027,Network
SIGCOMM_17_027,Data
SIGCOMM_17_028,Network
SIGCOMM_17_028,Benchmark
SIGCOMM_17_029,Network
SIGCOMM_17_030,Network
SIGCOMM_17_031,Network
SIGCOMM_17_032,Network
SIGCOMM_17_033,Network
SIGCOMM_17_034,Network
SIGCOMM_17_035,Network
SIGCOMM_17_035,OS
SIGCOMM_17_036,Network
EuroPar_17_001,Concurrency
EuroPar_17_002,Concurrency
EuroPar_17_003,Concurrency
EuroPar_17_004,Architecture
EuroPar_17_004,Concurrency
EuroPar_17_005,Benchmark
EuroPar_17_006,Benchmark
EuroPar_17_007,Benchmark
EuroPar_17_007,Concurrency
EuroPar_17_007,Architecture
EuroPar_17_008,Energy
EuroPar_17_009,Concurrency
EuroPar_17_009,HPC
EuroPar_17_010,Concurrency
EuroPar_17_010,HPC
EuroPar_17_011,HPC
EuroPar_17_011,GPGPU
EuroPar_17_012,Concurrency
EuroPar_17_012,OS
EuroPar_17_012,Energy
EuroPar_17_013,Architecture
EuroPar_17_014,Compilers
EuroPar_17_015,Architecture
EuroPar_17_015,GPGPU
EuroPar_17_016,Benchmark
EuroPar_17_016,Cloud
EuroPar_17_017,Benchmark
EuroPar_17_017,Cloud
EuroPar_17_017,Concurrency
EuroPar_17_018,Cloud
EuroPar_17_018,OS
EuroPar_17_019,HPC
EuroPar_17_020,HPC
EuroPar_17_021,Network
EuroPar_17_021,Storage
EuroPar_17_021,Data
EuroPar_17_022,HPC
EuroPar_17_023,HPC
EuroPar_17_024,HPC
EuroPar_17_024,Concurrency
EuroPar_17_025,Concurrency
EuroPar_17_025,HPC
EuroPar_17_025,GPGPU
EuroPar_17_026,HPC
EuroPar_17_027,HPC
EuroPar_17_028,OS
EuroPar_17_028,Concurrency
EuroPar_17_029,OS
EuroPar_17_029,Network
EuroPar_17_030,Benchmark
EuroPar_17_030,OS
EuroPar_17_030,HPC
EuroPar_17_031,Energy
EuroPar_17_032,Benchmark
EuroPar_17_033,Network
EuroPar_17_034,Benchmark
EuroPar_17_034,Network
EuroPar_17_035,HPC
EuroPar_17_035,Benchmark
EuroPar_17_036,Data
EuroPar_17_037,DB
EuroPar_17_037,Concurrency
EuroPar_17_038,Storage
EuroPar_17_038,HPC
EuroPar_17_038,Concurrency
EuroPar_17_039,Network
EuroPar_17_040,VM
EuroPar_17_041,Cloud
EuroPar_17_041,OS
EuroPar_17_042,Energy
EuroPar_17_042,Data
EuroPar_17_042,Cloud
EuroPar_17_043,Cloud
EuroPar_17_043,Concurrency
EuroPar_17_044,Compilers
EuroPar_17_044,GPGPU
EuroPar_17_044,Concurrency
EuroPar_17_045,Compilers
EuroPar_17_046,Compilers
EuroPar_17_046,HPC
EuroPar_17_047,Compilers
EuroPar_17_048,OS
EuroPar_17_048,Cloud
EuroPar_17_049,OS
EuroPar_17_049,Concurrency
EuroPar_17_050,OS
Cluster_17_001,HPC
Cluster_17_001,Data
Cluster_17_002,Network
Cluster_17_002,OS
Cluster_17_002,Concurrency
Cluster_17_003,Concurrency
Cluster_17_003,HPC
Cluster_17_004,HPC
Cluster_17_005,HPC
Cluster_17_005,GPGPU
Cluster_17_006,Cloud
Cluster_17_006,Data
Cluster_17_006,Storage
Cluster_17_006,HPC
Cluster_17_007,Storage
Cluster_17_007,Data
Cluster_17_007,HPC
Cluster_17_008,Storage
Cluster_17_008,HPC
Cluster_17_008,Data
Cluster_17_009,Data
Cluster_17_009,HPC
Cluster_17_010,Energy
Cluster_17_010,Network
Cluster_17_010,Benchmark
Cluster_17_011,Benchmark
Cluster_17_012,OS
Cluster_17_012,Concurrency
Cluster_17_013,OS
Cluster_17_014,OS
Cluster_17_015,Compilers
Cluster_17_017,Benchmark
Cluster_17_017,GPGPU
Cluster_17_018,Network
Cluster_17_018,HPC
Cluster_17_019,Concurrency
Cluster_17_020,HPC
Cluster_17_020,Network
Cluster_17_021,Storage
Cluster_17_021,Network
Cluster_17_022,HPC
Cluster_17_023,Storage
Cluster_17_023,HPC
Cluster_17_024,OS
Cluster_17_024,Data
Cluster_17_025,Concurrency
Cluster_17_026,Data
Cluster_17_027,Concurrency
Cluster_17_027,HPC
Cluster_17_028,Benchmark
Cluster_17_028,Security
Cluster_17_029,Cloud
Cluster_17_029,VM
Cluster_17_030,GPGPU
Cluster_17_030,OS
Cluster_17_030,VM
Cluster_17_031,VM
Cluster_17_031,HPC
Cluster_17_032,Concurrency
Cluster_17_032,OS
Cluster_17_033,GPGPU
Cluster_17_033,Architecture
Cluster_17_034,HPC
Cluster_17_034,GPGPU
Cluster_17_035,Data
Cluster_17_036,Network
Cluster_17_036,Benchmark
Cluster_17_036,HPC
Cluster_17_037,DB
Cluster_17_037,HPC
Cluster_17_039,OS
Cluster_17_040,Concurrency
Cluster_17_040,DB
Cluster_17_041,OS
Cluster_17_041,Concurrency
Cluster_17_042,OS
Cluster_17_043,OS
Cluster_17_044,Benchmark
Cluster_17_045,HPC
Cluster_17_045,Compilers
Cluster_17_046,Compilers
Cluster_17_046,Data
Cluster_17_046,GPGPU
Cluster_17_046,Concurrency
Cluster_17_047,Storage
Cluster_17_047,Compilers
Cluster_17_047,GPGPU
Cluster_17_048,HPC
Cluster_17_049,HPC
Cluster_17_050,HPC
Cluster_17_051,HPC
Cluster_17_052,Concurrency
Cluster_17_053,HPC
Cluster_17_054,HPC
Cluster_17_054,GPGPU
Cluster_17_055,OS
Cluster_17_056,Compilers
Cluster_17_056,Concurrency
Cluster_17_057,Energy
Cluster_17_057,HPC
Cluster_17_058,OS
Cluster_17_058,VM
Cluster_17_059,Storage
Cluster_17_060,Concurrency
Cluster_17_061,OS
Cluster_17_061,Storage
Cluster_17_061,Network
Cluster_17_062,Data
Cluster_17_063,HPC
Cluster_17_064,HPC
Cluster_17_065,HPC
PACT_17_001,Concurrency
PACT_17_001,Architecture
PACT_17_002,Compilers
PACT_17_002,Concurrency
PACT_17_003,Data
PACT_17_003,GPGPU
PACT_17_004,Energy
PACT_17_004,Architecture
PACT_17_004,GPGPU
PACT_17_004,Data
PACT_17_005,Architecture
PACT_17_006,Concurrency
PACT_17_006,Energy
PACT_17_007,Architecture
PACT_17_008,Architecture
PACT_17_009,Benchmark
PACT_17_009,Data
PACT_17_010,HPC
PACT_17_011,Concurrency
PACT_17_012,Architecture
PACT_17_013,OS
PACT_17_013,Architecture
PACT_17_014,Architecture
PACT_17_015,Data
PACT_17_015,Compilers
PACT_17_016,Data
PACT_17_016,GPGPU
PACT_17_017,GPGPU
PACT_17_018,Architecture
PACT_17_018,Network
PACT_17_018,Energy
PACT_17_019,Architecture
PACT_17_020,Architecture
PACT_17_021,Architecture
PACT_17_022,Architecture
PACT_17_022,Storage
PACT_17_022,HPC
PACT_17_023,Concurrency
PACT_17_023,Compilers
PACT_17_024,Architecture
PACT_17_024,Compilers
PACT_17_025,Compilers
PACT_17_025,Concurrency
MASCOTS_17_001,GPGPU
MASCOTS_17_001,Benchmark
MASCOTS_17_001,Concurrency
MASCOTS_17_002,GPGPU
MASCOTS_17_002,Data
MASCOTS_17_003,Benchmark
MASCOTS_17_003,Energy
MASCOTS_17_004,Cloud
MASCOTS_17_004,Storage
MASCOTS_17_005,Data
MASCOTS_17_005,Storage
MASCOTS_17_006,DB
MASCOTS_17_006,Storage
MASCOTS_17_007,OS
MASCOTS_17_007,Cloud
MASCOTS_17_008,Storage
MASCOTS_17_008,HPC
MASCOTS_17_009,Benchmark
MASCOTS_17_010,Benchmark
MASCOTS_17_010,Network
MASCOTS_17_011,Benchmark
MASCOTS_17_011,Energy
MASCOTS_17_011,Network
MASCOTS_17_012,Benchmark
MASCOTS_17_013,Energy
MASCOTS_17_013,Cloud
MASCOTS_17_014,Energy
MASCOTS_17_014,Benchmark
MASCOTS_17_014,HPC
MASCOTS_17_015,Architecture
MASCOTS_17_016,Architecture
MASCOTS_17_016,Network
MASCOTS_17_016,Concurrency
MASCOTS_17_017,Energy
MASCOTS_17_017,Architecture
MASCOTS_17_017,Storage
MASCOTS_17_018,Architecture
MASCOTS_17_018,Benchmark
MASCOTS_17_018,Storage
MASCOTS_17_019,Benchmark
MASCOTS_17_019,Cloud
MASCOTS_17_020,Cloud
SOCC_17_001,Concurrency
SOCC_17_001,Cloud
SOCC_17_002,VM
SOCC_17_002,Security
SOCC_17_002,OS
SOCC_17_002,Cloud
SOCC_17_003,OS
SOCC_17_003,DB
SOCC_17_004,Architecture
SOCC_17_004,Data
SOCC_17_005,Cloud
SOCC_17_005,OS
SOCC_17_006,OS
SOCC_17_006,DB
SOCC_17_006,Data
SOCC_17_006,Cloud
SOCC_17_007,GPGPU
SOCC_17_007,OS
SOCC_17_008,Network
SOCC_17_009,Data
SOCC_17_010,Security
SOCC_17_010,Cloud
SOCC_17_011,Storage
SOCC_17_011,DB
SOCC_17_012,Network
SOCC_17_013,Benchmark
SOCC_17_013,Data
SOCC_17_014,Benchmark
SOCC_17_015,Security
SOCC_17_015,Concurrency
SOCC_17_015,Cloud
SOCC_17_015,Network
SOCC_17_016,Concurrency
SOCC_17_016,Data
SOCC_17_017,DB
SOCC_17_017,Concurrency
SOCC_17_018,Data
SOCC_17_018,Cloud
SOCC_17_019,OS
SOCC_17_019,Cloud
SOCC_17_020,Storage
SOCC_17_020,VM
SOCC_17_020,OS
SOCC_17_021,OS
SOCC_17_021,VM
SOCC_17_022,Architecture
SOCC_17_022,Network
SOCC_17_022,Concurrency
SOCC_17_023,Benchmark
SOCC_17_023,Network
SOCC_17_023,Cloud
SOCC_17_024,Concurrency
SOCC_17_024,Storage
SOCC_17_025,Benchmark
SOCC_17_026,Data
SOCC_17_026,OS
SOCC_17_027,Network
SOCC_17_027,Storage
SOCC_17_028,VM
SOCC_17_028,Cloud
SOCC_17_028,OS
SOCC_17_029,OS
SOCC_17_029,Concurrency
SOCC_17_029,Data
SOCC_17_030,Architecture
SOCC_17_031,Compilers
SOCC_17_032,Data
SOCC_17_032,Compilers
SOCC_17_033,VM
SOCC_17_033,Cloud
SOCC_17_033,Benchmark
SOCC_17_034,VM
SOCC_17_034,Network
SOCC_17_034,Cloud
SOCC_17_034,OS
SOCC_17_035,Security
SOCC_17_035,Data
SOCC_17_035,DB
SOCC_17_035,Compilers
SOCC_17_036,Cloud
SOCC_17_036,HPC
SOCC_17_037,Network
SOCC_17_038,Compilers
SOCC_17_038,Concurrency
SOCC_17_039,Storage
SOCC_17_039,Security
SOCC_17_040,Concurrency
SOCC_17_040,Data
SOCC_17_041,Data
SOCC_17_041,Storage
SOCC_17_041,Concurrency
SOCC_17_042,Benchmark
SOCC_17_042,DB
SOCC_17_042,Data
SOCC_17_043,Network
SOCC_17_044,Benchmark
SOCC_17_044,Cloud
SOCC_17_045,OS
SOCC_17_045,Concurrency
IISWC_17_001,Benchmark
IISWC_17_001,Architecture
IISWC_17_002,Energy
IISWC_17_002,Storage
IISWC_17_002,Cloud
IISWC_17_002,Benchmark
IISWC_17_003,Concurrency
IISWC_17_003,Data
IISWC_17_003,Energy
IISWC_17_004,Benchmark
IISWC_17_004,HPC
IISWC_17_005,Benchmark
IISWC_17_006,Benchmark
IISWC_17_006,GPGPU
IISWC_17_007,Benchmark
IISWC_17_007,Architecture
IISWC_17_008,Benchmark
IISWC_17_008,Storage
IISWC_17_008,Concurrency
IISWC_17_009,Benchmark
IISWC_17_009,Storage
IISWC_17_010,Benchmark
IISWC_17_010,VM
IISWC_17_011,GPGPU
IISWC_17_011,Benchmark
IISWC_17_012,Energy
IISWC_17_012,Benchmark
IISWC_17_012,Architecture
IISWC_17_013,Benchmark
IISWC_17_013,Data
IISWC_17_013,Network
IISWC_17_014,Energy
IISWC_17_014,Data
IISWC_17_014,GPGPU
IISWC_17_016,Benchmark
IISWC_17_017,Benchmark
IISWC_17_017,Architecture
IISWC_17_018,Energy
IISWC_17_018,Benchmark
IISWC_17_019,Benchmark
IISWC_17_019,Cloud
IISWC_17_020,Benchmark
IISWC_17_021,Benchmark
IISWC_17_021,Architecture
IISWC_17_022,Benchmark
IISWC_17_023,Benchmark
IISWC_17_023,Architecture
IISWC_17_024,Benchmark
IISWC_17_025,Benchmark
IISWC_17_025,Architecture
IISWC_17_026,Benchmark
IISWC_17_026,Concurrency
IISWC_17_027,Benchmark
IISWC_17_027,GPGPU
IISWC_17_028,Benchmark
IISWC_17_028,Compilers
IISWC_17_029,Benchmark
IISWC_17_030,Benchmark
IISWC_17_030,GPGPU
IISWC_17_031,Benchmark
IISWC_17_031,Architecture
SP_17_001,Security
SP_17_002,Security
SP_17_003,Security
SP_17_004,Security
SP_17_004,Network
SP_17_005,Security
SP_17_006,Security
SP_17_006,Network
SP_17_007,Security
SP_17_008,Security
SP_17_009,Security
SP_17_010,Security
SP_17_011,Security
SP_17_011,Network
SP_17_012,Security
SP_17_013,Security
SP_17_013,Compilers
SP_17_014,Security
SP_17_014,Compilers
SP_17_015,Security
SP_17_015,Network
SP_17_016,Security
SP_17_016,Compilers
SP_17_017,Security
SP_17_018,Security
SP_17_019,Security
SP_17_020,Security
SP_17_021,Security
SP_17_022,Security
SP_17_023,Security
SP_17_023,Network
SP_17_024,Security
SP_17_025,Security
SP_17_025,Concurrency
SP_17_026,Security
SP_17_027,Security
SP_17_028,Security
SP_17_028,Data
SP_17_029,Security
SP_17_030,Security
SP_17_031,Security
SP_17_032,Security
SP_17_032,Network
SP_17_033,Security
SP_17_034,Security
SP_17_035,Security
SP_17_035,OS
SP_17_036,Security
SP_17_036,Data
SP_17_037,Security
SP_17_037,Concurrency
SP_17_038,Security
SP_17_038,Data
SP_17_039,Security
SP_17_040,Security
SP_17_041,Security
SP_17_042,Security
SP_17_043,Security
SP_17_043,DB
SP_17_044,Security
SP_17_044,Network
SP_17_045,Security
SP_17_046,Security
SP_17_047,Security
SP_17_048,Security
SP_17_049,Security
SP_17_050,Security
SP_17_051,Security
SP_17_052,Security
SP_17_053,Security
SP_17_053,Data
SP_17_054,Security
SP_17_054,Network
SP_17_055,Security
SP_17_056,Security
SP_17_057,Security
SP_17_058,Security
SP_17_059,Security
SP_17_060,Security
SP_17_060,DB
MICRO_17_001,Architecture
MICRO_17_001,OS
MICRO_17_002,Architecture
MICRO_17_002,Data
MICRO_17_003,Architecture
MICRO_17_003,GPGPU
MICRO_17_004,Architecture
MICRO_17_005,Architecture
MICRO_17_006,Architecture
MICRO_17_006,GPGPU
MICRO_17_007,Architecture
MICRO_17_007,Energy
MICRO_17_008,Architecture
MICRO_17_009,Architecture
MICRO_17_009,GPGPU
MICRO_17_010,Architecture
MICRO_17_010,Storage
MICRO_17_011,Architecture
MICRO_17_011,GPGPU
MICRO_17_012,Architecture
MICRO_17_012,Storage
MICRO_17_013,Architecture
MICRO_17_013,GPGPU
MICRO_17_013,OS
MICRO_17_014,Architecture
MICRO_17_015,Architecture
MICRO_17_015,GPGPU
MICRO_17_016,Architecture
MICRO_17_016,Storage
MICRO_17_016,Network
MICRO_17_017,Architecture
MICRO_17_017,GPGPU
MICRO_17_018,Storage
MICRO_17_018,Architecture
MICRO_17_019,Architecture
MICRO_17_019,Concurrency
MICRO_17_020,Architecture
MICRO_17_020,Security
MICRO_17_021,Architecture
MICRO_17_022,Architecture
MICRO_17_022,Security
MICRO_17_023,Architecture
MICRO_17_024,Architecture
MICRO_17_024,Security
MICRO_17_025,Architecture
MICRO_17_026,Architecture
MICRO_17_026,GPGPU
MICRO_17_026,Security
MICRO_17_027,Architecture
MICRO_17_027,OS
MICRO_17_028,Architecture
MICRO_17_028,Data
MICRO_17_029,Architecture
MICRO_17_030,Architecture
MICRO_17_030,Data
MICRO_17_031,Architecture
MICRO_17_032,Architecture
MICRO_17_032,Data
MICRO_17_033,Architecture
MICRO_17_034,Architecture
MICRO_17_034,OS
MICRO_17_035,Architecture
MICRO_17_035,Energy
MICRO_17_036,Architecture
MICRO_17_037,Architecture
MICRO_17_037,Energy
MICRO_17_038,Architecture
MICRO_17_039,Architecture
MICRO_17_039,Energy
MICRO_17_040,Architecture
MICRO_17_041,Architecture
MICRO_17_041,Energy
MICRO_17_042,Architecture
MICRO_17_042,GPGPU
MICRO_17_043,Architecture
MICRO_17_043,OS
MICRO_17_044,Architecture
MICRO_17_044,GPGPU
MICRO_17_045,Architecture
MICRO_17_045,Energy
MICRO_17_046,Architecture
MICRO_17_046,Compilers
MICRO_17_046,GPGPU
MICRO_17_047,Architecture
MICRO_17_047,Concurrency
MICRO_17_048,Architecture
MICRO_17_048,Concurrency
MICRO_17_048,GPGPU
MICRO_17_049,Architecture
MICRO_17_050,Architecture
MICRO_17_050,HPC
MICRO_17_051,Architecture
MICRO_17_051,Concurrency
MICRO_17_052,Architecture
MICRO_17_053,Architecture
MICRO_17_054,Architecture
MICRO_17_054,Network
MICRO_17_055,Architecture
MICRO_17_055,Concurrency
MICRO_17_056,Architecture
MICRO_17_056,Energy
MICRO_17_057,Architecture
MICRO_17_057,Concurrency
MICRO_17_058,Architecture
MICRO_17_059,Architecture
MICRO_17_059,Network
MICRO_17_059,GPGPU
MICRO_17_060,Architecture
MICRO_17_061,Architecture
MobiCom_17_001,Network
MobiCom_17_002,Network
MobiCom_17_003,Network
MobiCom_17_004,Network
MobiCom_17_005,Network
MobiCom_17_005,Benchmark
MobiCom_17_006,Network
MobiCom_17_007,Network
MobiCom_17_008,Network
MobiCom_17_009,Network
MobiCom_17_010,Network
MobiCom_17_011,Network
MobiCom_17_012,Network
MobiCom_17_013,Network
MobiCom_17_014,Network
MobiCom_17_015,Network
MobiCom_17_016,Network
MobiCom_17_017,Network
MobiCom_17_018,Network
MobiCom_17_019,Network
MobiCom_17_020,Network
MobiCom_17_021,Network
MobiCom_17_022,Network
MobiCom_17_023,Network
MobiCom_17_024,Security
MobiCom_17_025,Security
MobiCom_17_026,Security
MobiCom_17_027,Network
MobiCom_17_027,Security
MobiCom_17_028,Network
MobiCom_17_029,Network
MobiCom_17_030,Network
MobiCom_17_030,Data
MobiCom_17_031,Network
MobiCom_17_032,Energy
MobiCom_17_033,Network
MobiCom_17_034,Network
MobiCom_17_035,Network
IGSC_17_001,Energy
IGSC_17_002,Energy
IGSC_17_002,Data
IGSC_17_003,Energy
IGSC_17_003,Benchmark
IGSC_17_004,Energy
IGSC_17_004,Architecture
IGSC_17_005,Energy
IGSC_17_005,Architecture
IGSC_17_006,Energy
IGSC_17_006,Benchmark
IGSC_17_006,DB
IGSC_17_007,OS
IGSC_17_007,Concurrency
IGSC_17_007,Energy
IGSC_17_008,Energy
IGSC_17_008,GPGPU
IGSC_17_009,Energy
IGSC_17_009,OS
IGSC_17_009,GPGPU
IGSC_17_009,Concurrency
IGSC_17_010,Energy
IGSC_17_010,Benchmark
IGSC_17_010,HPC
IGSC_17_011,Energy
IGSC_17_011,Compilers
IGSC_17_012,Energy
IGSC_17_013,Concurrency
IGSC_17_013,Energy
IGSC_17_014,Energy
IGSC_17_014,Network
IGSC_17_015,Energy
IGSC_17_015,Cloud
IGSC_17_016,Energy
IGSC_17_016,Benchmark
IGSC_17_016,Concurrency
IGSC_17_017,Energy
IGSC_17_017,Concurrency
IGSC_17_018,Benchmark
IGSC_17_018,Energy
IGSC_17_018,OS
IGSC_17_019,Energy
IGSC_17_019,Architecture
IGSC_17_020,Energy
IGSC_17_020,Benchmark
IGSC_17_021,Energy
IGSC_17_021,OS
IGSC_17_021,Concurrency
IGSC_17_022,Energy
IGSC_17_023,Energy
IGSC_17_023,Cloud
ICAC_17_001,Cloud
ICAC_17_001,OS
ICAC_17_002,OS
ICAC_17_002,Data
ICAC_17_003,Data
ICAC_17_003,OS
ICAC_17_004,Energy
ICAC_17_005,OS
ICAC_17_005,Data
ICAC_17_006,OS
ICAC_17_007,HPC
ICAC_17_007,OS
ICAC_17_007,GPGPU
ICAC_17_008,Data
ICAC_17_008,OS
ICAC_17_009,OS
ICAC_17_011,Data
ICAC_17_011,Network
ICAC_17_012,Data
ICAC_17_013,Network
ICAC_17_013,Energy
CCS_17_001,Security
CCS_17_001,Architecture
CCS_17_001,Network
CCS_17_002,Security
CCS_17_002,Network
CCS_17_003,Security
CCS_17_003,Network
CCS_17_004,Security
CCS_17_005,Security
CCS_17_006,Security
CCS_17_007,Security
CCS_17_008,Security
CCS_17_009,Security
CCS_17_009,Data
CCS_17_010,Security
CCS_17_011,Security
CCS_17_012,Security
CCS_17_013,Security
CCS_17_014,Security
CCS_17_014,Cloud
CCS_17_015,Security
CCS_17_016,Security
CCS_17_017,Security
CCS_17_018,Security
CCS_17_019,Security
CCS_17_020,Security
CCS_17_021,Security
CCS_17_022,Security
CCS_17_023,Security
CCS_17_023,Data
CCS_17_024,Security
CCS_17_025,Security
CCS_17_026,Security
CCS_17_027,Security
CCS_17_028,Security
CCS_17_029,Security
CCS_17_029,Concurrency
CCS_17_029,Cloud
CCS_17_030,Security
CCS_17_031,Security
CCS_17_032,Security
CCS_17_033,Security
CCS_17_034,Security
CCS_17_035,Security
CCS_17_036,Security
CCS_17_037,Security
CCS_17_037,Data
CCS_17_038,Security
CCS_17_038,Data
CCS_17_039,Security
CCS_17_039,Data
CCS_17_040,Security
CCS_17_041,Security
CCS_17_042,Security
CCS_17_043,Security
CCS_17_044,Security
CCS_17_045,Security
CCS_17_046,Security
CCS_17_047,Security
CCS_17_047,Architecture
CCS_17_048,Security
CCS_17_049,Security
CCS_17_050,Security
CCS_17_051,Security
CCS_17_052,Security
CCS_17_052,Architecture
CCS_17_053,Security
CCS_17_053,Network
CCS_17_054,Security
CCS_17_055,Security
CCS_17_056,Security
CCS_17_057,Security
CCS_17_058,Security
CCS_17_059,Security
CCS_17_060,Security
CCS_17_060,Data
CCS_17_061,Security
CCS_17_062,Security
CCS_17_063,Security
CCS_17_064,Security
CCS_17_064,Compilers
CCS_17_065,Security
CCS_17_066,Security
CCS_17_067,Security
CCS_17_067,Cloud
CCS_17_067,Energy
CCS_17_068,Security
CCS_17_069,Security
CCS_17_069,Network
CCS_17_070,Security
CCS_17_070,Data
CCS_17_071,Security
CCS_17_072,Security
CCS_17_073,Security
CCS_17_073,Data
CCS_17_074,Security
CCS_17_074,Data
CCS_17_075,Security
CCS_17_075,Data
CCS_17_076,Security
CCS_17_077,Security
CCS_17_078,Security
CCS_17_079,Security
CCS_17_080,Security
CCS_17_080,Data
CCS_17_081,Security
CCS_17_082,Security
CCS_17_083,Security
CCS_17_084,Security
CCS_17_085,Security
CCS_17_086,Security
CCS_17_087,Security
CCS_17_088,Security
CCS_17_089,Security
CCS_17_090,Security
CCS_17_091,Security
CCS_17_092,Security
CCS_17_093,Security
CCS_17_094,Security
CCS_17_095,Security
CCS_17_096,Security
CCS_17_097,Security
CCS_17_098,Security
CCS_17_099,Security
CCS_17_099,Architecture
CCS_17_100,Security
CCS_17_101,Security
CCS_17_102,Security
CCS_17_103,Security
CCS_17_103,GPGPU
CCS_17_104,Security
CCS_17_105,Security
CCS_17_106,Security
CCS_17_107,Security
CCS_17_108,Security
CCS_17_109,Security
CCS_17_110,Security
CCS_17_111,Security
CCS_17_112,Security
CCS_17_113,Security
CCS_17_114,Security
CCS_17_115,Security
CCS_17_115,Architecture
CCS_17_116,Security
CCS_17_117,Security
CCS_17_118,Security
CCS_17_119,Security
CCS_17_120,Security
CCS_17_121,Security
CCS_17_122,Security
CCS_17_123,Security
CCS_17_124,Security
CCS_17_125,Security
CCS_17_126,Security
CCS_17_126,Network
CCS_17_127,Security
CCS_17_127,Network
CCS_17_128,Security
CCS_17_129,Security
CCS_17_130,Security
CCS_17_131,Security
CCS_17_131,OS
CCS_17_132,Security
CCS_17_133,Security
CCS_17_134,Security
CCS_17_135,Security
CCS_17_136,Security
CCS_17_137,Security
CCS_17_137,Storage
CCS_17_138,Security
CCS_17_138,Storage
CCS_17_139,Security
CCS_17_139,Architecture
CCS_17_140,Security
CCS_17_141,Security
CCS_17_141,Concurrency
CCS_17_142,Security
CCS_17_143,Security
CCS_17_144,Security
CCS_17_145,Security
CCS_17_146,Security
CCS_17_146,Compilers
CCS_17_147,Security
CCS_17_147,Compilers
CCS_17_148,Security
CCS_17_148,Compilers
CCS_17_149,Security
CCS_17_149,Compilers
CCS_17_150,Security
CCS_17_150,Architecture
CCS_17_151,Security
SOSP_17_001,Data
SOSP_17_002,OS
SOSP_17_002,Concurrency
SOSP_17_003,Benchmark
SOSP_17_004,Concurrency
SOSP_17_005,Storage
SOSP_17_005,Concurrency
SOSP_17_005,OS
SOSP_17_006,Concurrency
SOSP_17_006,Cloud
SOSP_17_007,Concurrency
SOSP_17_007,Network
SOSP_17_008,Network
SOSP_17_008,Storage
SOSP_17_009,Storage
SOSP_17_009,Network
SOSP_17_010,Benchmark
SOSP_17_010,Cloud
SOSP_17_010,OS
SOSP_17_011,OS
SOSP_17_012,OS
SOSP_17_012,Data
SOSP_17_013,VM
SOSP_17_013,Architecture
SOSP_17_014,VM
SOSP_17_014,OS
SOSP_17_015,OS
SOSP_17_016,OS
SOSP_17_017,Storage
SOSP_17_017,OS
SOSP_17_018,Security
SOSP_17_018,OS
SOSP_17_019,OS
SOSP_17_019,Network
SOSP_17_019,Cloud
SOSP_17_020,Network
SOSP_17_020,OS
SOSP_17_021,OS
SOSP_17_022,Network
SOSP_17_023,Network
SOSP_17_023,Concurrency
SOSP_17_024,OS
SOSP_17_024,Storage
SOSP_17_025,Security
SOSP_17_025,Concurrency
SOSP_17_026,Security
SOSP_17_026,Concurrency
SOSP_17_027,Security
SOSP_17_027,Data
SOSP_17_028,Storage
SOSP_17_028,OS
SOSP_17_029,Storage
SOSP_17_029,OS
SOSP_17_030,Storage
SOSP_17_030,OS
SOSP_17_031,Security
SOSP_17_031,OS
SOSP_17_032,Security
SOSP_17_032,OS
SOSP_17_033,Security
SOSP_17_033,OS
SOSP_17_034,OS
SOSP_17_035,Concurrency
SOSP_17_036,Network
SOSP_17_036,Benchmark
SOSP_17_037,Data
SOSP_17_037,Network
SOSP_17_038,Data
SOSP_17_039,Data
SOSP_17_039,Network
IMC_17_001,Benchmark
IMC_17_001,Network
IMC_17_002,Network
IMC_17_002,Benchmark
IMC_17_003,Benchmark
IMC_17_003,Network
IMC_17_004,Benchmark
IMC_17_004,Network
IMC_17_005,Benchmark
IMC_17_005,Network
IMC_17_006,Benchmark
IMC_17_006,Network
IMC_17_006,Security
IMC_17_007,Network
IMC_17_007,Benchmark
IMC_17_007,Security
IMC_17_008,Network
IMC_17_008,Benchmark
IMC_17_009,Network
IMC_17_010,Benchmark
IMC_17_011,Benchmark
IMC_17_012,Benchmark
IMC_17_013,Network
IMC_17_013,Benchmark
IMC_17_014,Benchmark
IMC_17_014,Network
IMC_17_015,Benchmark
IMC_17_015,Network
IMC_17_016,Network
IMC_17_016,Security
IMC_17_017,Data
IMC_17_018,Benchmark
IMC_17_018,Network
IMC_17_019,Benchmark
IMC_17_019,Security
IMC_17_019,Network
IMC_17_020,Security
IMC_17_020,Network
IMC_17_021,Network
IMC_17_021,Security
IMC_17_022,Security
IMC_17_022,Benchmark
IMC_17_022,Network
IMC_17_023,Data
IMC_17_023,Benchmark
IMC_17_024,Benchmark
IMC_17_025,Benchmark
IMC_17_025,Security
IMC_17_026,Benchmark
IMC_17_026,Security
IMC_17_028,Benchmark
IMC_17_028,Network
SC_17_001,Data
SC_17_001,HPC
SC_17_001,GPGPU
SC_17_002,HPC
SC_17_002,Compilers
SC_17_003,Storage
SC_17_003,Concurrency
SC_17_004,Concurrency
SC_17_004,Benchmark
SC_17_005,HPC
SC_17_005,Storage
SC_17_006,GPGPU
SC_17_006,Data
SC_17_007,Storage
SC_17_007,HPC
SC_17_008,Storage
SC_17_008,HPC
SC_17_009,GPGPU
SC_17_009,Data
SC_17_010,HPC
SC_17_011,Cloud
SC_17_012,HPC
SC_17_012,Compilers
SC_17_013,HPC
SC_17_013,Compilers
SC_17_013,Concurrency
SC_17_014,HPC
SC_17_015,Data
SC_17_015,Concurrency
SC_17_015,Cloud
SC_17_015,GPGPU
SC_17_015,OS
SC_17_016,HPC
SC_17_017,HPC
SC_17_017,Compilers
SC_17_018,Cloud
SC_17_019,GPGPU
SC_17_020,GPGPU
SC_17_020,Network
SC_17_021,Benchmark
SC_17_022,HPC
SC_17_022,Architecture
SC_17_023,GPGPU
SC_17_023,Network
SC_17_023,OS
SC_17_024,Compilers
SC_17_024,HPC
SC_17_025,HPC
SC_17_026,HPC
SC_17_026,Storage
SC_17_027,GPGPU
SC_17_027,Architecture
SC_17_028,Benchmark
SC_17_028,Data
SC_17_029,HPC
SC_17_029,OS
SC_17_029,VM
SC_17_030,OS
SC_17_030,Data
SC_17_031,Benchmark
SC_17_031,Network
SC_17_032,HPC
SC_17_032,Architecture
SC_17_033,HPC
SC_17_033,Data
SC_17_034,HPC
SC_17_034,Security
SC_17_035,HPC
SC_17_036,HPC
SC_17_037,HPC
SC_17_037,Energy
SC_17_038,GPGPU
SC_17_038,Concurrency
SC_17_038,HPC
SC_17_039,Storage
SC_17_039,Data
SC_17_040,HPC
SC_17_040,Data
SC_17_041,HPC
SC_17_042,Benchmark
SC_17_042,Storage
SC_17_042,HPC
SC_17_043,Network
SC_17_044,Network
SC_17_044,Benchmark
SC_17_045,Data
SC_17_045,Network
SC_17_046,Network
SC_17_047,HPC
SC_17_047,Network
SC_17_048,HPC
SC_17_048,GPGPU
SC_17_048,Benchmark
SC_17_048,Network
SC_17_049,HPC
SC_17_049,Concurrency
SC_17_050,HPC
SC_17_051,Storage
SC_17_052,Network
SC_17_052,GPGPU
SC_17_053,Storage
SC_17_053,HPC
SC_17_053,Concurrency
SC_17_053,DB
SC_17_054,HPC
SC_17_054,Concurrency
SC_17_055,Storage
SC_17_055,OS
SC_17_056,HPC
SC_17_057,HPC
SC_17_057,Network
SC_17_058,HPC
SC_17_058,Storage
SC_17_059,HPC
SC_17_059,OS
SC_17_060,HPC
SC_17_061,HPC
SC_17_061,Network
Middleware_17_001,OS
Middleware_17_001,VM
Middleware_17_001,Concurrency
Middleware_17_003,Concurrency
Middleware_17_003,OS
Middleware_17_003,Cloud
Middleware_17_004,Security
Middleware_17_004,Cloud
Middleware_17_005,OS
Middleware_17_005,Network
Middleware_17_005,Compilers
Middleware_17_006,Storage
Middleware_17_006,OS
Middleware_17_007,OS
Middleware_17_008,OS
Middleware_17_008,VM
Middleware_17_008,Network
Middleware_17_009,Concurrency
Middleware_17_010,Data
Middleware_17_011,Cloud
Middleware_17_011,DB
Middleware_17_012,Data
Middleware_17_012,OS
Middleware_17_013,Security
Middleware_17_015,Data
Middleware_17_016,Network
Middleware_17_017,OS
Middleware_17_017,DB
Middleware_17_018,OS
Middleware_17_018,Cloud
Middleware_17_019,Data
Middleware_17_019,OS
Middleware_17_020,OS
Middleware_17_020,Data
CoNEXT_17_001,Security
CoNEXT_17_001,Network
CoNEXT_17_002,Network
CoNEXT_17_003,Network
CoNEXT_17_004,Network
CoNEXT_17_005,Cloud
CoNEXT_17_005,Concurrency
CoNEXT_17_005,Network
CoNEXT_17_006,Network
CoNEXT_17_007,Cloud
CoNEXT_17_007,Network
CoNEXT_17_008,Network
CoNEXT_17_010,Cloud
CoNEXT_17_010,Network
CoNEXT_17_011,Network
CoNEXT_17_012,Network
CoNEXT_17_013,Network
CoNEXT_17_014,Network
CoNEXT_17_015,Security
CoNEXT_17_016,Network
CoNEXT_17_017,Network
CoNEXT_17_018,Network
CoNEXT_17_019,Network
CoNEXT_17_020,Security
CoNEXT_17_020,Network
CoNEXT_17_021,Network
CoNEXT_17_022,Network
CoNEXT_17_023,Network
CoNEXT_17_023,OS
CoNEXT_17_024,Cloud
CoNEXT_17_024,Network
CoNEXT_17_024,Concurrency
CoNEXT_17_025,Network
CoNEXT_17_026,Security
CoNEXT_17_026,Network
CoNEXT_17_027,Cloud
CoNEXT_17_028,Network
CoNEXT_17_029,Data
CoNEXT_17_029,Network
CoNEXT_17_029,OS
CoNEXT_17_030,OS
CoNEXT_17_030,Network
CoNEXT_17_030,VM
CoNEXT_17_031,Network
CoNEXT_17_032,Network
HiPC_17_001,Architecture
HiPC_17_001,Concurrency
HiPC_17_002,Concurrency
HiPC_17_003,Concurrency
HiPC_17_003,HPC
HiPC_17_004,Compilers
HiPC_17_004,Concurrency
HiPC_17_005,Data
HiPC_17_006,Data
HiPC_17_006,OS
HiPC_17_006,HPC
HiPC_17_007,OS
HiPC_17_007,Cloud
HiPC_17_008,OS
HiPC_17_008,Energy
HiPC_17_008,Concurrency
HiPC_17_009,Data
HiPC_17_009,Architecture
HiPC_17_010,Data
HiPC_17_010,Concurrency
HiPC_17_010,Network
HiPC_17_011,Concurrency
HiPC_17_012,Concurrency
HiPC_17_012,Data
HiPC_17_012,DB
HiPC_17_013,Concurrency
HiPC_17_013,HPC
HiPC_17_013,Data
HiPC_17_014,Concurrency
HiPC_17_014,Network
HiPC_17_014,Architecture
HiPC_17_015,HPC
HiPC_17_015,GPGPU
HiPC_17_016,Data
HiPC_17_016,Concurrency
HiPC_17_017,Architecture
HiPC_17_017,GPGPU
HiPC_17_018,Concurrency
HiPC_17_018,HPC
HiPC_17_018,GPGPU
HiPC_17_019,Network
HiPC_17_019,Architecture
HiPC_17_020,Concurrency
HiPC_17_021,Concurrency
HiPC_17_021,GPGPU
HiPC_17_021,OS
HiPC_17_022,HPC
HiPC_17_022,GPGPU
HiPC_17_022,Benchmark
HiPC_17_023,HPC
HiPC_17_024,OS
HiPC_17_024,Concurrency
HiPC_17_025,Data
HiPC_17_025,Concurrency
HiPC_17_026,Energy
HiPC_17_026,Architecture
HiPC_17_027,Compilers
HiPC_17_028,GPGPU
HiPC_17_028,Network
HiPC_17_029,Benchmark
HiPC_17_029,Concurrency
HiPC_17_030,Architecture
HiPC_17_030,Data
HiPC_17_031,Concurrency
HiPC_17_031,HPC
HiPC_17_032,OS
HiPC_17_032,Concurrency
HiPC_17_033,Network
HiPC_17_033,HPC
HiPC_17_034,Concurrency
HiPC_17_034,GPGPU
HiPC_17_035,GPGPU
HiPC_17_035,HPC
HiPC_17_036,Concurrency
HiPC_17_036,HPC
HiPC_17_037,Network
HiPC_17_038,HPC
HiPC_17_039,HPC
HiPC_17_040,HPC
HiPC_17_040,Network
HiPC_17_040,Concurrency
HiPC_17_041,Network
HiPC_17_041,Architecture
HiPC_17_041,Storage
HPCC_17_001,Benchmark
HPCC_17_001,Storage
HPCC_17_001,HPC
HPCC_17_002,Concurrency
HPCC_17_002,Data
HPCC_17_003,Data
HPCC_17_003,Architecture
HPCC_17_003,Benchmark
HPCC_17_004,Benchmark
HPCC_17_004,Concurrency
HPCC_17_004,HPC
HPCC_17_005,VM
HPCC_17_005,Architecture
HPCC_17_005,Compilers
HPCC_17_006,HPC
HPCC_17_006,Data
HPCC_17_007,Data
HPCC_17_007,Network
HPCC_17_008,Concurrency
HPCC_17_009,Benchmark
HPCC_17_010,HPC
HPCC_17_010,OS
HPCC_17_011,Concurrency
HPCC_17_011,HPC
HPCC_17_012,Storage
HPCC_17_013,Storage
HPCC_17_014,Storage
HPCC_17_015,Storage
HPCC_17_015,Network
HPCC_17_016,Network
HPCC_17_017,Benchmark
HPCC_17_018,Concurrency
HPCC_17_018,HPC
HPCC_17_019,Data
HPCC_17_019,Concurrency
HPCC_17_020,Concurrency
HPCC_17_020,Network
HPCC_17_021,Energy
HPCC_17_021,VM
HPCC_17_021,OS
HPCC_17_021,Cloud
HPCC_17_022,Energy
HPCC_17_022,OS
HPCC_17_022,HPC
HPCC_17_022,Cloud
HPCC_17_023,Energy
HPCC_17_023,OS
HPCC_17_023,Cloud
HPCC_17_027,HPC
HPCC_17_027,Network
HPCC_17_028,OS
HPCC_17_028,Network
HPCC_17_029,Data
HPCC_17_029,Storage
HPCC_17_030,Network
HPCC_17_030,Concurrency
HPCC_17_030,Data
HPCC_17_031,Data
HPCC_17_032,Data
HPCC_17_033,Data
HPCC_17_033,Benchmark
HPCC_17_034,Data
HPCC_17_034,HPC
HPCC_17_034,Benchmark
HPCC_17_035,Data
HPCC_17_037,HPC
HPCC_17_037,Data
HPCC_17_038,Concurrency
HPCC_17_039,Network
HPCC_17_039,Cloud
HPCC_17_040,Network
HPCC_17_041,OS
HPCC_17_041,Network
HPCC_17_042,HPC
HPCC_17_042,GPGPU
HPCC_17_043,Concurrency
HPCC_17_043,OS
HPCC_17_044,VM
HPCC_17_044,OS
HPCC_17_044,Network
HPCC_17_044,Storage
HPCC_17_045,Architecture
HPCC_17_045,Network
HPCC_17_045,Data
HPCC_17_046,Concurrency
HPCC_17_046,HPC
HPCC_17_047,Concurrency
HPCC_17_048,HPC
HPCC_17_048,Concurrency
HPCC_17_049,HPC
HPCC_17_050,Data
HPCC_17_051,Data
HPCC_17_051,Network
HPCC_17_053,Network
HPCC_17_054,Network
HPCC_17_055,Security
HPCC_17_055,Network
HPCC_17_056,GPGPU
HPCC_17_056,HPC
HPCC_17_057,HPC
HPCC_17_057,GPGPU
HPCC_17_057,Storage
HPCC_17_058,OS
HPCC_17_058,GPGPU
HPCC_17_059,HPC
HPCC_17_060,Data
HPCC_17_061,Network
HPCC_17_062,Network
HPCC_17_062,OS
HPCC_17_063,OS
HPCC_17_063,Benchmark
HPCC_17_063,HPC
HPCC_17_064,Energy
HPCC_17_064,OS
HPCC_17_064,Concurrency
HPCC_17_065,VM
HPCC_17_065,OS
HPCC_17_065,Cloud
HPCC_17_066,VM
HPCC_17_066,OS
HPCC_17_066,Cloud
HPCC_17_067,OS
HPCC_17_067,Cloud
HPCC_17_067,Storage
HPCC_17_068,VM
HPCC_17_068,Cloud
HPCC_17_069,OS
HPCC_17_069,VM
HPCC_17_069,Architecture
HPCC_17_070,Storage
HPCC_17_072,Storage
HPCC_17_073,OS
HPCC_17_073,Concurrency
HPCC_17_073,Storage
HPCC_17_074,Concurrency
HPCC_17_075,Compilers
ICDM_17_001,Data
ICDM_17_002,Data
ICDM_17_003,Data
ICDM_17_004,Data
ICDM_17_005,Data
ICDM_17_006,Data
ICDM_17_006,Benchmark
ICDM_17_007,Data
ICDM_17_008,Data
ICDM_17_009,Data
ICDM_17_010,Data
ICDM_17_011,Data
ICDM_17_012,Data
ICDM_17_013,Data
ICDM_17_014,Data
ICDM_17_015,Data
ICDM_17_016,Data
ICDM_17_017,Data
ICDM_17_018,Data
ICDM_17_019,Data
ICDM_17_020,Data
ICDM_17_020,Security
ICDM_17_021,Data
ICDM_17_022,Data
ICDM_17_023,Data
ICDM_17_024,Data
ICDM_17_025,Data
ICDM_17_026,Data
ICDM_17_027,Data
ICDM_17_028,Data
ICDM_17_029,Data
ICDM_17_029,Storage
ICDM_17_030,Data
ICDM_17_031,Data
ICDM_17_032,Data
ICDM_17_033,Data
ICDM_17_034,Data
ICDM_17_035,Data
ICDM_17_036,Data
ICDM_17_037,Data
ICDM_17_038,Data
ICDM_17_039,Data
ICDM_17_040,Data
ICDM_17_041,Data
ICDM_17_042,Data
ICDM_17_043,Data
ICDM_17_044,Data
ICDM_17_045,Data
ICDM_17_046,Data
ICDM_17_047,Data
ICDM_17_047,Concurrency
ICDM_17_047,Security
ICDM_17_048,Data
ICDM_17_049,Data
ICDM_17_050,Data
ICDM_17_051,Data
ICDM_17_052,Data
ICDM_17_053,Data
ICDM_17_054,Data
ICDM_17_055,Data
ICDM_17_056,Data
ICDM_17_057,Data
ICDM_17_058,Data
ICDM_17_059,Data
ICDM_17_060,Data
ICDM_17_061,Data
ICDM_17_062,Data
ICDM_17_063,Data
ICDM_17_064,Data
ICDM_17_065,Data
ICDM_17_066,Data
ICDM_17_067,Data
ICDM_17_068,Data
ICDM_17_069,Data
ICDM_17_070,Data
ICDM_17_071,Data
ICDM_17_072,Data
SIGIR_17_001,Data
SIGIR_17_002,Data
SIGIR_17_002,Benchmark
SIGIR_17_003,Data
SIGIR_17_004,Data
SIGIR_17_005,Data
SIGIR_17_006,Data
SIGIR_17_007,Data
SIGIR_17_008,Data
SIGIR_17_009,Data
SIGIR_17_010,Data
SIGIR_17_011,Data
SIGIR_17_012,Data
SIGIR_17_013,Data
SIGIR_17_014,Data
SIGIR_17_015,Data
SIGIR_17_016,Data
SIGIR_17_017,Data
SIGIR_17_018,Data
SIGIR_17_019,Data
SIGIR_17_020,Data
SIGIR_17_021,Data
SIGIR_17_022,Data
SIGIR_17_023,Data
SIGIR_17_024,Data
SIGIR_17_025,Data
SIGIR_17_026,Data
SIGIR_17_027,Data
SIGIR_17_028,Data
SIGIR_17_029,Data
SIGIR_17_030,Data
SIGIR_17_031,Data
SIGIR_17_032,Data
SIGIR_17_033,Data
SIGIR_17_034,Data
SIGIR_17_035,Data
SIGIR_17_036,Data
SIGIR_17_037,Data
SIGIR_17_038,Data
SIGIR_17_039,Data
SIGIR_17_040,Data
SIGIR_17_041,Data
SIGIR_17_042,Data
SIGIR_17_043,Data
SIGIR_17_044,Data
SIGIR_17_045,Data
SIGIR_17_046,Data
SIGIR_17_047,Data
SIGIR_17_048,Data
SIGIR_17_049,Data
SIGIR_17_050,Data
SIGIR_17_051,Data
SIGIR_17_052,Data
SIGIR_17_053,Data
SIGIR_17_054,Data
SIGIR_17_055,Data
SIGIR_17_056,Data
SIGIR_17_057,Data
SIGIR_17_058,Data
SIGIR_17_059,Data
SIGIR_17_060,Data
SIGIR_17_061,Data
SIGIR_17_062,Data
SIGIR_17_063,Data
SIGIR_17_064,Data
SIGIR_17_065,Data
SIGIR_17_066,Data
SIGIR_17_067,Data
SIGIR_17_067,Security
SIGIR_17_068,Data
SIGIR_17_068,Security
SIGIR_17_069,Data
SIGIR_17_070,Data
SIGIR_17_071,Data
SIGIR_17_072,Data
SIGIR_17_073,Data
SIGIR_17_074,Data
SIGIR_17_075,Data
SIGIR_17_076,Data
SIGIR_17_077,Data
SIGIR_17_078,Data
OOPSLA_17_001,Compilers
OOPSLA_17_002,Compilers
OOPSLA_17_003,Compilers
OOPSLA_17_004,Compilers
OOPSLA_17_005,Compilers
OOPSLA_17_006,Compilers
OOPSLA_17_007,Compilers
OOPSLA_17_008,Compilers
OOPSLA_17_008,Cloud
OOPSLA_17_009,Compilers
OOPSLA_17_009,GPGPU
OOPSLA_17_010,Compilers
OOPSLA_17_010,Data
OOPSLA_17_011,Compilers
OOPSLA_17_011,GPGPU
OOPSLA_17_012,Compilers
OOPSLA_17_013,Compilers
OOPSLA_17_013,Concurrency
OOPSLA_17_014,Compilers
OOPSLA_17_015,Compilers
OOPSLA_17_016,Compilers
OOPSLA_17_017,Compilers
OOPSLA_17_017,Storage
OOPSLA_17_018,Compilers
OOPSLA_17_019,Compilers
OOPSLA_17_020,Compilers
OOPSLA_17_021,Compilers
OOPSLA_17_022,Compilers
OOPSLA_17_023,Compilers
OOPSLA_17_024,Compilers
OOPSLA_17_025,Compilers
OOPSLA_17_026,Compilers
OOPSLA_17_027,Compilers
OOPSLA_17_028,Compilers
OOPSLA_17_028,Concurrency
OOPSLA_17_029,Compilers
OOPSLA_17_030,Compilers
OOPSLA_17_031,Compilers
OOPSLA_17_031,Concurrency
OOPSLA_17_032,Compilers
OOPSLA_17_033,Compilers
OOPSLA_17_033,Concurrency
OOPSLA_17_034,Compilers
OOPSLA_17_035,Compilers
OOPSLA_17_036,Compilers
OOPSLA_17_037,Compilers
OOPSLA_17_037,Concurrency
OOPSLA_17_038,Compilers
OOPSLA_17_038,Concurrency
OOPSLA_17_039,Compilers
OOPSLA_17_039,Concurrency
OOPSLA_17_040,Compilers
OOPSLA_17_041,Compilers
OOPSLA_17_042,Compilers
OOPSLA_17_043,Compilers
OOPSLA_17_044,Compilers
OOPSLA_17_045,Compilers
OOPSLA_17_045,DB
OOPSLA_17_046,Compilers
OOPSLA_17_046,Concurrency
OOPSLA_17_047,Compilers
OOPSLA_17_048,Compilers
OOPSLA_17_049,Compilers
OOPSLA_17_050,Compilers
OOPSLA_17_051,Compilers
OOPSLA_17_052,Compilers
OOPSLA_17_053,Compilers
OOPSLA_17_054,Compilers
OOPSLA_17_055,Compilers
OOPSLA_17_055,VM
OOPSLA_17_056,Compilers
OOPSLA_17_057,Compilers
OOPSLA_17_058,Compilers
OOPSLA_17_059,Compilers
OOPSLA_17_060,Compilers
OOPSLA_17_061,Compilers
OOPSLA_17_062,Compilers
OOPSLA_17_062,Concurrency
OOPSLA_17_063,Compilers
OOPSLA_17_064,Compilers
OOPSLA_17_064,Concurrency
OOPSLA_17_065,VM
OOPSLA_17_066,Compilers
OOPSLA_17_066,Architecture
PLDI_17_001,Compilers
PLDI_17_002,Compilers
PLDI_17_002,Storage
PLDI_17_003,Compilers
PLDI_17_004,Compilers
PLDI_17_005,Compilers
PLDI_17_006,Compilers
PLDI_17_006,GPGPU
PLDI_17_006,Concurrency
PLDI_17_007,Compilers
PLDI_17_007,Concurrency
PLDI_17_008,Compilers
PLDI_17_008,Cloud
PLDI_17_009,Compilers
PLDI_17_010,Compilers
PLDI_17_010,HPC
PLDI_17_011,Compilers
PLDI_17_012,Compilers
PLDI_17_013,Compilers
PLDI_17_014,Compilers
PLDI_17_015,Compilers
PLDI_17_016,Compilers
PLDI_17_017,Compilers
PLDI_17_017,Concurrency
PLDI_17_018,Compilers
PLDI_17_019,Compilers
PLDI_17_020,Compilers
PLDI_17_021,Compilers
PLDI_17_022,Compilers
PLDI_17_022,GPGPU
PLDI_17_022,Concurrency
PLDI_17_023,Compilers
PLDI_17_024,Compilers
PLDI_17_024,Concurrency
PLDI_17_025,Compilers
PLDI_17_025,DB
PLDI_17_026,Compilers
PLDI_17_027,Compilers
PLDI_17_028,Compilers
PLDI_17_029,Compilers
PLDI_17_029,Concurrency
PLDI_17_029,OS
PLDI_17_030,Compilers
PLDI_17_031,Compilers
PLDI_17_031,Network
PLDI_17_032,Compilers
PLDI_17_033,Compilers
PLDI_17_033,Energy
PLDI_17_034,Compilers
PLDI_17_035,Compilers
PLDI_17_035,Concurrency
PLDI_17_036,Compilers
PLDI_17_036,Security
PLDI_17_037,Compilers
PLDI_17_038,Compilers
PLDI_17_039,Compilers
PLDI_17_040,Compilers
PLDI_17_040,Concurrency
PLDI_17_041,Compilers
PLDI_17_042,Compilers
PLDI_17_042,Concurrency
PLDI_17_043,Compilers
PLDI_17_043,DB
PLDI_17_044,Compilers
PLDI_17_045,Compilers
PLDI_17_046,Compilers
PLDI_17_047,Compilers
SLE_17_001,Compilers
SLE_17_002,Compilers
SLE_17_003,Compilers
SLE_17_004,Compilers
SLE_17_005,Compilers
SLE_17_006,Compilers
SLE_17_007,Compilers
SLE_17_008,Compilers
SLE_17_009,Compilers
SLE_17_010,Compilers
SLE_17_011,Compilers
SLE_17_012,Compilers
SLE_17_013,Compilers
SLE_17_014,Compilers
SLE_17_015,Compilers
SLE_17_016,Compilers
SLE_17_017,Compilers
SLE_17_017,Energy
SLE_17_018,Compilers
SLE_17_018,Concurrency
SLE_17_019,Compilers
SLE_17_020,Compilers
SLE_17_021,Compilers
SLE_17_022,Compilers
SLE_17_023,Compilers
SLE_17_024,Compilers
HotI_17_001,Network
HotI_17_001,HPC
HotI_17_002,Network
HotI_17_002,HPC
HotI_17_003,Network
HotI_17_003,Storage
HotI_17_004,Network
HotI_17_004,Benchmark
HotI_17_005,Network
HotI_17_005,OS
HotI_17_005,Architecture
HotI_17_006,Network
HotI_17_006,OS
HotI_17_007,Network
HotI_17_007,HPC
HotI_17_008,Network
HotI_17_008,HPC
HotI_17_009,Network
HotI_17_009,VM
HotI_17_010,Network
HotI_17_010,HPC
HotI_17_010,OS
HotI_17_011,Network
HotI_17_011,Data
HotI_17_012,Network
HotI_17_012,OS
HotI_17_013,Network
HotI_17_013,OS
